policy,scenario,episodes,tasks,semantic_success_rate,task_success_rate,average_accuracy,average_accuracy_mean,average_uncertainty,average_delay,average_energy,average_payload_kb,average_semantic_payload_kb,average_semantic_quality_gap,average_q_quality,average_q_deadline,average_q_energy,average_q_risk,average_q_utm,payload_reduction_vs_always_image,quality_violation_rate,deadline_violation_rate,battery_violation_rate,resource_violation_rate,airspace_conflict_rate,utm_constraint_violation_rate,utm_conflict_violation_rate,service_level_0_ratio,service_level_1_ratio,service_level_2_ratio,service_level_3_ratio,average_reward,seed,benchmark_policy,variant_kind
always_cache,nominal_patrol,50,600,0.0,0.0,0.339453,0.432564,0.373627,0.185063,7.85,0.0,0.0,0.450147,2.46505,0.0,0.0,0.0,0.0,1.0,1.0,0.0,0.0,0.0,0.0,0.0,0.0,1.0,0.0,0.0,0.0,-0.779786,0,always_cache,heuristic
always_semantic_token,nominal_patrol,50,600,0.108333,0.061667,0.495681,0.733219,0.415629,3.173402,403.30049,1.143882,1.143882,0.30309,1.761737,6.813968,1032.283274,0.0,0.0,0.994234,0.891667,0.355,0.0,0.0,0.0,0.0,0.0,0.0,1.0,0.0,0.0,-1.410147,0,always_semantic_token,heuristic
always_image,nominal_patrol,50,600,0.118333,0.013333,0.358933,0.465,0.391401,5.098767,455.316824,198.382288,198.382288,0.445475,2.741945,15.07487,1240.446085,0.0,0.0,0.0,0.881667,0.903333,0.0,0.0,0.0,0.0,0.0,0.0,0.0,1.0,0.0,-2.983645,0,always_image,heuristic
semantic_greedy,nominal_patrol,50,600,0.09,0.036667,0.34261,0.442118,0.388543,5.014992,460.447571,180.203709,180.203709,0.462396,2.847191,14.774731,1293.840226,0.0,0.0,0.091634,0.91,0.865,0.0,0.0,0.0,0.0,0.0,0.001667,0.081667,0.916667,0.0,-2.830071,0,semantic_greedy,heuristic
lyapunov_greedy,nominal_patrol,50,600,0.0,0.0,0.339453,0.432564,0.373627,0.185063,7.85,0.0,0.0,0.450147,2.46505,0.0,0.0,0.0,0.0,1.0,1.0,0.0,0.0,0.0,0.0,0.0,0.0,1.0,0.0,0.0,0.0,-0.779786,0,lyapunov_greedy,heuristic
ppo,nominal_patrol,50,600,0.268333,0.096667,0.600011,0.761952,0.353503,3.075835,387.363322,14.223089,14.223089,0.199826,1.124853,5.9673,915.690636,0.0,0.0,0.0,0.731667,0.285,0.0,0.0,0.0,0.0,0.0,0.418333,0.493333,0.088333,0.0,-0.85414,0,ppo_without_lcb,rl
ppo,nominal_patrol,50,600,0.268333,0.096667,0.619569,0.787431,0.357567,3.42843,434.097112,14.533142,14.533142,0.180298,1.055243,6.81117,1010.393901,0.0,0.0,0.0,0.731667,0.331667,0.0,0.0,0.0,0.0,0.0,0.348333,0.561667,0.09,0.0,-0.967306,0,ppo_without_queues,rl
ppo,nominal_patrol,50,600,0.0,0.0,0.339453,0.432564,0.373627,0.185063,7.85,0.0,0.0,0.450147,2.46505,0.0,0.0,0.0,0.0,0.0,1.0,0.0,0.0,0.0,0.0,0.0,0.0,1.0,0.0,0.0,0.0,-0.779786,0,ppo_without_projection,rl
ppo,nominal_patrol,50,600,0.268333,0.096667,0.595255,0.755915,0.352532,2.972465,373.922011,14.46816,14.46816,0.204612,1.148397,5.691557,883.913537,0.0,0.0,0.0,0.731667,0.27,0.0,0.0,0.0,0.0,0.0,0.431667,0.478333,0.09,0.0,-0.821913,0,proposed_ppo,rl
always_cache,nominal_patrol,50,600,0.0,0.0,0.339732,0.432821,0.373592,0.184848,7.85,0.0,0.0,0.449868,2.462263,0.0,0.0,0.0,0.0,1.0,1.0,0.0,0.0,0.0,0.0,0.0,0.0,1.0,0.0,0.0,0.0,-0.772706,1,always_cache,heuristic
always_semantic_token,nominal_patrol,50,600,0.1,0.058333,0.492209,0.730014,0.416151,3.181608,404.573678,1.143884,1.143884,0.306463,1.795468,6.841869,1038.315906,0.0,0.0,0.994226,0.9,0.356667,0.0,0.0,0.0,0.0,0.0,0.0,1.0,0.0,0.0,-1.435631,1,always_semantic_token,heuristic
always_image,nominal_patrol,50,600,0.1,0.01,0.344781,0.446667,0.391401,5.086763,453.124947,198.094905,198.094905,0.459409,2.839479,15.091403,1243.776523,0.0,0.0,0.0,0.9,0.896667,0.0,0.0,0.0,0.0,0.0,0.0,0.0,1.0,0.0,-3.004792,1,always_image,heuristic
semantic_greedy,nominal_patrol,50,600,0.081667,0.033333,0.336177,0.433785,0.388543,5.04693,463.172521,181.786252,181.786252,0.468729,2.910524,15.026927,1315.244746,0.0,0.0,0.082327,0.918333,0.868333,0.0,0.0,0.0,0.0,0.0,0.001667,0.073333,0.925,0.0,-2.865714,1,semantic_greedy,heuristic
lyapunov_greedy,nominal_patrol,50,600,0.0,0.0,0.339732,0.432821,0.373592,0.184848,7.85,0.0,0.0,0.449868,2.462263,0.0,0.0,0.0,0.0,1.0,1.0,0.0,0.0,0.0,0.0,0.0,0.0,1.0,0.0,0.0,0.0,-0.772706,1,lyapunov_greedy,heuristic
ppo,nominal_patrol,50,600,0.366667,0.086667,0.644968,0.837321,0.378177,4.10161,468.401144,73.74243,73.74243,0.146471,0.781938,7.696936,937.228568,0.0,0.0,0.0,0.633333,0.456667,0.0,0.0,0.0,0.0,0.0,0.22,0.413333,0.366667,0.0,-1.278262,1,ppo_without_lcb,rl
ppo,nominal_patrol,50,600,0.268333,0.096667,0.632527,0.800581,0.356948,3.608982,458.381788,14.799477,14.799477,0.16787,1.009647,7.331304,1064.744126,0.0,0.0,0.0,0.731667,0.356667,0.0,0.0,0.0,0.0,0.0,0.328333,0.58,0.091667,0.0,-1.005457,1,ppo_without_queues,rl
ppo,nominal_patrol,50,600,0.195,0.088333,0.507776,0.660066,0.354892,27.036746,2243.893123,46.916364,46.916364,0.287961,1.633885,237.010298,18962.227078,0.0,0.0,0.0,0.805,0.316667,0.0,0.0,0.0,0.0,0.0,0.361667,0.388333,0.25,0.0,-6.601592,1,ppo_without_projection,rl
ppo,nominal_patrol,50,600,0.366667,0.086667,0.644968,0.837321,0.378177,4.10161,468.401144,73.74243,73.74243,0.146471,0.781938,7.696936,937.228568,0.0,0.0,0.0,0.633333,0.456667,0.0,0.0,0.0,0.0,0.0,0.22,0.413333,0.366667,0.0,-1.278262,1,proposed_ppo,rl
always_cache,nominal_patrol,50,600,0.0,0.0,0.339732,0.432821,0.373592,0.184832,7.85,0.0,0.0,0.448868,2.456763,0.0,0.0,0.0,0.0,1.0,1.0,0.0,0.0,0.0,0.0,0.0,0.0,1.0,0.0,0.0,0.0,-0.772703,2,always_cache,heuristic
always_semantic_token,nominal_patrol,50,600,0.108333,0.063333,0.496742,0.733335,0.414277,3.247122,414.113364,1.139296,1.139296,0.302229,1.770182,7.005728,1062.960664,0.0,0.0,0.99424,0.891667,0.363333,0.0,0.0,0.0,0.0,0.0,0.0,1.0,0.0,0.0,-1.440874,2,always_semantic_token,heuristic
always_image,nominal_patrol,50,600,0.113333,0.015,0.345912,0.448222,0.390935,5.133511,460.479527,197.795378,197.795378,0.457837,2.810344,15.031923,1250.341713,0.0,0.0,0.0,0.886667,0.891667,0.0,0.0,0.0,0.0,0.0,0.0,0.0,1.0,0.0,-2.994818,2,always_image,heuristic
semantic_greedy,nominal_patrol,50,600,0.09,0.038333,0.336226,0.434007,0.387727,5.092619,471.812928,179.509719,179.509719,0.46848,2.889324,15.045029,1335.002541,0.0,0.0,0.092447,0.91,0.863333,0.0,0.0,0.0,0.0,0.0,0.001667,0.081667,0.916667,0.0,-2.857088,2,semantic_greedy,heuristic
lyapunov_greedy,nominal_patrol,50,600,0.0,0.0,0.339732,0.432821,0.373592,0.184832,7.85,0.0,0.0,0.448868,2.456763,0.0,0.0,0.0,0.0,1.0,1.0,0.0,0.0,0.0,0.0,0.0,0.0,1.0,0.0,0.0,0.0,-0.772703,2,lyapunov_greedy,heuristic
ppo,nominal_patrol,50,600,0.275,0.101667,0.592407,0.749798,0.349049,2.927491,367.370884,14.190863,14.190863,0.207708,1.154239,5.450354,858.844144,0.0,0.0,0.0,0.725,0.263333,0.0,0.0,0.0,0.0,0.0,0.45,0.461667,0.088333,0.0,-0.794373,2,ppo_without_lcb,rl
ppo,nominal_patrol,50,600,0.278333,0.101667,0.638784,0.807351,0.356141,3.750449,477.380574,15.066682,15.066682,0.161562,0.975613,7.6645,1115.55039,0.0,0.0,0.0,0.721667,0.371667,0.0,0.0,0.0,0.0,0.0,0.311667,0.595,0.093333,0.0,-1.029049,2,ppo_without_queues,rl
ppo,nominal_patrol,50,600,0.126667,0.011667,0.545506,0.791026,0.425425,6.046973,575.369469,1.188264,1.188264,0.258001,1.584252,20.93668,1707.750686,0.0,0.0,0.0,0.873333,0.915,0.0,0.0,0.0,0.0,0.0,0.0,1.0,0.0,0.0,-2.853586,2,ppo_without_projection,rl
ppo,nominal_patrol,50,600,0.275,0.101667,0.592538,0.749694,0.348709,2.934543,369.171952,14.446374,14.446374,0.207708,1.154239,5.535116,870.443911,0.0,0.0,0.0,0.725,0.263333,0.0,0.0,0.0,0.0,0.0,0.45,0.46,0.09,0.0,-0.797015,2,proposed_ppo,rl
always_cache,disaster_hotspot,50,500,0.018,0.018,0.26548,0.343961,0.36768,0.223796,7.85,0.0,0.0,0.574664,2.957602,0.0,0.0,0.0,0.0,1.0,0.982,0.0,0.0,0.0,0.0,0.0,0.0,1.0,0.0,0.0,0.0,-1.609494,0,always_cache,heuristic
always_semantic_token,disaster_hotspot,50,500,0.106,0.04,0.471409,0.689219,0.398925,1.59645,157.660359,1.169783,1.169783,0.37506,1.773621,4.306661,59.154678,0.0,0.0,0.993816,0.894,0.298,0.0,0.0,0.0,0.0,0.0,0.0,1.0,0.0,0.0,-1.756943,0,always_semantic_token,heuristic
always_image,disaster_hotspot,50,500,0.22,0.0,0.471061,0.57452,0.331613,4.330715,328.054281,189.157655,189.157655,0.393025,2.161635,16.882671,307.254213,0.0,0.0,0.0,0.78,1.0,0.0,0.0,0.0,0.0,0.0,0.0,0.0,1.0,0.0,-3.93168,0,always_image,heuristic
semantic_greedy,disaster_hotspot,50,500,0.108,0.042,0.432337,0.577745,0.451022,4.018732,309.056653,169.359791,169.359791,0.413299,2.085257,14.306481,246.263528,0.0,0.0,0.104663,0.892,0.958,0.0,0.0,0.0,0.0,0.0,0.018,0.09,0.892,0.0,-3.590498,0,semantic_greedy,heuristic
lyapunov_greedy,disaster_hotspot,50,500,0.018,0.018,0.26548,0.343961,0.36768,0.223796,7.85,0.0,0.0,0.574664,2.957602,0.0,0.0,0.0,0.0,1.0,0.982,0.0,0.0,0.0,0.0,0.0,0.0,1.0,0.0,0.0,0.0,-1.609494,0,lyapunov_greedy,heuristic
ppo,disaster_hotspot,50,500,0.224,0.128,0.596934,0.817542,0.449751,1.437286,140.00339,0.86037,0.86037,0.253554,1.153944,3.117294,38.748618,0.0,0.0,0.0,0.776,0.272,0.0,0.0,0.0,0.0,0.0,0.264,0.736,0.0,0.0,-0.49547,0,ppo_without_lcb,rl
ppo,disaster_hotspot,50,500,0.228,0.132,0.582353,0.820137,0.468941,1.486979,144.379751,0.947077,0.947077,0.268274,1.115919,3.59609,47.795956,0.0,0.0,0.0,0.772,0.272,0.0,0.0,0.0,0.0,0.0,0.19,0.81,0.0,0.0,-0.463296,0,ppo_without_queues,rl
ppo,disaster_hotspot,50,500,0.22,0.0,0.605429,0.805175,0.35863,10.698093,875.069076,1.169397,1.169397,0.247997,1.363985,52.202556,2494.732317,0.0,0.0,0.0,0.78,1.0,0.0,0.0,0.0,0.0,0.0,0.0,1.0,0.0,0.0,-5.047985,0,ppo_without_projection,rl
ppo,disaster_hotspot,50,500,0.242,0.116,0.589053,0.823246,0.463373,1.55626,151.233746,6.8009,6.8009,0.264297,1.109805,3.789625,50.733416,0.0,0.0,0.0,0.758,0.302,0.0,0.0,0.0,0.0,0.0,0.184,0.784,0.032,0.0,-0.622686,0,proposed_ppo,rl
always_cache,disaster_hotspot,50,500,0.014,0.014,0.265467,0.342459,0.358902,0.223438,7.85,0.0,0.0,0.574645,2.967768,0.0,0.0,0.0,0.0,1.0,0.986,0.0,0.0,0.0,0.0,0.0,0.0,1.0,0.0,0.0,0.0,-1.62892,1,always_cache,heuristic
always_semantic_token,disaster_hotspot,50,500,0.106,0.04,0.471381,0.6935,0.406142,1.596248,157.683532,1.170387,1.170387,0.375088,1.773779,4.305262,59.212607,0.0,0.0,0.993817,0.894,0.298,0.0,0.0,0.0,0.0,0.0,0.0,1.0,0.0,0.0,-1.756913,1,always_semantic_token,heuristic
always_image,disaster_hotspot,50,500,0.22,0.0,0.471061,0.57452,0.338402,4.330951,328.077891,189.295215,189.295215,0.393025,2.161635,16.88343,307.365208,0.0,0.0,0.0,0.78,1.0,0.0,0.0,0.0,0.0,0.0,0.0,0.0,1.0,0.0,-3.932012,1,always_image,heuristic
semantic_greedy,disaster_hotspot,50,500,0.106,0.04,0.430641,0.576022,0.451683,4.02666,309.576285,169.741977,169.741977,0.414979,2.102057,14.474705,247.409831,0.0,0.0,0.103295,0.894,0.96,0.0,0.0,0.0,0.0,0.0,0.016,0.09,0.894,0.0,-3.606404,1,semantic_greedy,heuristic
lyapunov_greedy,disaster_hotspot,50,500,0.014,0.014,0.265467,0.342459,0.358902,0.223438,7.85,0.0,0.0,0.574645,2.967768,0.0,0.0,0.0,0.0,1.0,0.986,0.0,0.0,0.0,0.0,0.0,0.0,1.0,0.0,0.0,0.0,-1.62892,1,lyapunov_greedy,heuristic
ppo,disaster_hotspot,50,500,0.228,0.126,0.597043,0.816044,0.447288,1.406062,143.830172,0.864878,0.864878,0.253901,1.147774,3.261493,44.993044,0.0,0.0,0.0,0.772,0.274,0.0,0.0,0.0,0.0,0.0,0.26,0.74,0.0,0.0,-0.522375,1,ppo_without_lcb,rl
ppo,disaster_hotspot,50,500,0.248,0.114,0.58942,0.82162,0.460305,1.545086,152.218941,6.805316,6.805316,0.264508,1.103499,3.836124,50.250904,0.0,0.0,0.0,0.752,0.306,0.0,0.0,0.0,0.0,0.0,0.18,0.788,0.032,0.0,-0.664065,1,ppo_without_queues,rl
ppo,disaster_hotspot,50,500,0.122,0.012,0.455433,0.599487,0.370819,3.19059,279.116642,0.549773,0.549773,0.391376,1.760946,18.393352,581.982305,0.0,0.0,0.0,0.878,0.47,0.0,0.0,0.0,0.0,0.0,0.53,0.47,0.0,0.0,-2.801971,1,ppo_without_projection,rl
ppo,disaster_hotspot,50,500,0.242,0.122,0.586922,0.82039,0.462272,1.506078,149.677312,4.24272,4.24272,0.265749,1.105013,3.76897,49.970538,0.0,0.0,0.0,0.758,0.292,0.0,0.0,0.0,0.0,0.0,0.184,0.798,0.018,0.0,-0.585248,1,proposed_ppo,rl
always_cache,disaster_hotspot,50,500,0.014,0.014,0.262635,0.339998,0.365387,0.223402,7.85,0.0,0.0,0.577477,2.992168,0.0,0.0,0.0,0.0,1.0,0.986,0.0,0.0,0.0,0.0,0.0,0.0,1.0,0.0,0.0,0.0,-1.628913,2,always_cache,heuristic
always_semantic_token,disaster_hotspot,50,500,0.104,0.038,0.468741,0.691512,0.405872,1.595588,157.589964,1.170546,1.170546,0.377606,1.79576,4.306212,59.280454,0.0,0.0,0.993787,0.896,0.298,0.0,0.0,0.0,0.0,0.0,0.0,1.0,0.0,0.0,-1.767831,2,always_semantic_token,heuristic
always_image,disaster_hotspot,50,500,0.22,0.0,0.465825,0.57452,0.346473,4.329819,328.103757,188.397719,188.397719,0.398261,2.190433,16.877552,307.491558,0.0,0.0,0.0,0.78,1.0,0.0,0.0,0.0,0.0,0.0,0.0,0.0,1.0,0.0,-3.930001,2,always_image,heuristic
semantic_greedy,disaster_hotspot,50,500,0.106,0.04,0.425405,0.576022,0.459754,4.025335,309.601957,168.844481,168.844481,0.420215,2.130855,14.46791,247.535947,0.0,0.0,0.103787,0.894,0.96,0.0,0.0,0.0,0.0,0.0,0.016,0.09,0.894,0.0,-3.604355,2,semantic_greedy,heuristic
lyapunov_greedy,disaster_hotspot,50,500,0.014,0.014,0.262635,0.339998,0.365387,0.223402,7.85,0.0,0.0,0.577477,2.992168,0.0,0.0,0.0,0.0,1.0,0.986,0.0,0.0,0.0,0.0,0.0,0.0,1.0,0.0,0.0,0.0,-1.628913,2,lyapunov_greedy,heuristic
ppo,disaster_hotspot,50,500,0.226,0.124,0.593274,0.814287,0.449015,1.414476,145.457461,0.869664,0.869664,0.257548,1.170784,3.353971,48.057163,0.0,0.0,0.0,0.774,0.274,0.0,0.0,0.0,0.0,0.0,0.256,0.744,0.0,0.0,-0.535806,2,ppo_without_lcb,rl
ppo,disaster_hotspot,50,500,0.228,0.126,0.583448,0.816005,0.462059,1.443058,146.897891,0.928231,0.928231,0.267497,1.138666,3.602884,50.852211,0.0,0.0,0.0,0.772,0.274,0.0,0.0,0.0,0.0,0.0,0.206,0.794,0.0,0.0,-0.519528,2,ppo_without_queues,rl
ppo,disaster_hotspot,50,500,0.014,0.014,0.262635,0.339998,0.365387,0.223402,7.85,0.0,0.0,0.577477,2.992168,0.0,0.0,0.0,0.0,0.0,0.986,0.0,0.0,0.0,0.0,0.0,0.0,1.0,0.0,0.0,0.0,-1.628913,2,ppo_without_projection,rl
ppo,disaster_hotspot,50,500,0.23,0.128,0.579822,0.816652,0.466209,1.456273,147.265586,0.951745,0.951745,0.271139,1.131731,3.723745,50.861427,0.0,0.0,0.0,0.77,0.274,0.0,0.0,0.0,0.0,0.0,0.186,0.814,0.0,0.0,-0.501017,2,proposed_ppo,rl
always_cache,low_snr_blockage,50,600,0.055,0.055,0.343461,0.365642,0.083935,0.17319,7.85,0.0,0.0,0.463942,2.743505,0.0,0.0,0.0,0.0,1.0,0.945,0.0,0.0,0.0,0.0,0.0,0.0,1.0,0.0,0.0,0.0,-0.792153,0,always_cache,heuristic
always_semantic_token,low_snr_blockage,50,600,0.646667,0.018333,0.625935,0.664607,0.091386,13.521088,1888.594683,1.049237,1.049237,0.218341,1.407509,70.972096,10309.141373,0.598333,0.0,0.981094,0.353333,0.953333,0.188333,0.0,0.0,0.0,0.0,0.0,1.0,0.0,0.0,-4.699785,0,always_semantic_token,heuristic
always_image,low_snr_blockage,50,600,0.66,0.001667,0.611781,0.631821,0.073,34.378465,2012.521515,55.49784,55.49784,0.275067,1.785,238.603532,11482.152807,0.758333,0.0,0.0,0.34,0.988333,0.228333,0.0,0.0,0.0,0.0,0.0,0.0,1.0,0.0,-9.11353,0,always_image,heuristic
semantic_greedy,low_snr_blockage,50,600,0.95,0.09,0.856386,0.89773,0.097362,15.697657,1891.185107,2.555714,2.555714,0.004896,0.021245,75.085533,9810.883769,0.551667,0.0,0.953949,0.05,0.91,0.18,0.0,0.0,0.0,0.0,0.065,0.885,0.05,0.0,-4.53105,0,semantic_greedy,heuristic
lyapunov_greedy,low_snr_blockage,50,600,0.055,0.055,0.343461,0.365642,0.083935,0.17319,7.85,0.0,0.0,0.463942,2.743505,0.0,0.0,0.0,0.0,1.0,0.945,0.0,0.0,0.0,0.0,0.0,0.0,1.0,0.0,0.0,0.0,-0.792153,0,lyapunov_greedy,heuristic
ppo,low_snr_blockage,50,600,0.788333,0.088333,0.764292,0.798125,0.09106,14.246392,1421.433156,10.684046,10.684046,0.103691,0.350578,101.29105,8690.141662,0.005,0.0,0.0,0.211667,0.713333,0.001667,0.0,0.0,0.0,0.0,0.261667,0.503333,0.235,0.0,-4.050699,0,ppo_without_lcb,rl
ppo,low_snr_blockage,50,600,0.786667,0.09,0.74508,0.78047,0.093155,9.500541,1324.901078,0.75651,0.75651,0.107528,0.376903,52.039484,7886.477601,0.0,0.0,0.0,0.213333,0.696667,0.0,0.0,0.0,0.0,0.0,0.278333,0.721667,0.0,0.0,-3.026514,0,ppo_without_queues,rl
ppo,low_snr_blockage,50,600,0.356667,0.046667,0.483146,0.509436,0.085666,22.814124,1772.767558,4.731808,4.731808,0.344837,1.724321,224.72043,17113.864292,0.021667,0.0,0.0,0.643333,0.351667,0.003333,0.0,0.0,0.0,0.0,0.648333,0.231667,0.12,0.0,-6.123838,0,ppo_without_projection,rl
ppo,low_snr_blockage,50,600,0.788333,0.09,0.752,0.786911,0.092528,12.066601,1369.934659,3.668356,3.668356,0.105896,0.364617,80.129107,8272.125377,0.005,0.0,0.0,0.211667,0.703333,0.001667,0.0,0.0,0.0,0.0,0.271667,0.648333,0.08,0.0,-3.566897,0,proposed_ppo,rl
always_cache,low_snr_blockage,50,600,0.051667,0.051667,0.342181,0.364401,0.084017,0.172856,7.85,0.0,0.0,0.465654,2.759193,0.0,0.0,0.0,0.0,1.0,0.948333,0.0,0.0,0.0,0.0,0.0,0.0,1.0,0.0,0.0,0.0,-0.807146,1,always_cache,heuristic
always_semantic_token,low_snr_blockage,50,600,0.666667,0.018333,0.63761,0.676355,0.091562,13.63844,1902.75359,1.046866,1.046866,0.207119,1.329601,71.577597,10395.168032,0.608333,0.0,0.980345,0.333333,0.955,0.193333,0.0,0.0,0.0,0.0,0.0,1.0,0.0,0.0,-4.710675,1,always_semantic_token,heuristic
always_image,low_snr_blockage,50,600,0.68,0.001667,0.630067,0.650765,0.073692,35.103836,2027.288441,53.260919,53.260919,0.258733,1.6792,238.68064,11568.067027,0.77,0.0,0.0,0.32,0.988333,0.235,0.0,0.0,0.0,0.0,0.0,0.0,1.0,0.0,-9.240037,1,always_image,heuristic
semantic_greedy,low_snr_blockage,50,600,0.95,0.086667,0.855866,0.897361,0.097542,15.567795,1874.587722,2.55802,2.55802,0.004896,0.021245,74.842019,9753.81422,0.536667,0.0,0.951972,0.05,0.913333,0.176667,0.0,0.0,0.0,0.0,0.061667,0.888333,0.05,0.0,-4.513597,1,semantic_greedy,heuristic
lyapunov_greedy,low_snr_blockage,50,600,0.051667,0.051667,0.342181,0.364401,0.084017,0.172856,7.85,0.0,0.0,0.465654,2.759193,0.0,0.0,0.0,0.0,1.0,0.948333,0.0,0.0,0.0,0.0,0.0,0.0,1.0,0.0,0.0,0.0,-0.807146,1,lyapunov_greedy,heuristic
ppo,low_snr_blockage,50,600,0.786667,0.086667,0.74495,0.780492,0.093335,9.433598,1314.317212,0.758809,0.758809,0.107485,0.398026,50.545145,7686.485365,0.0,0.0,0.0,0.213333,0.7,0.0,0.0,0.0,0.0,0.0,0.275,0.725,0.0,0.0,-3.024051,1,ppo_without_lcb,rl
ppo,low_snr_blockage,50,600,0.786667,0.086667,0.74495,0.780492,0.093335,9.433598,1314.317212,0.758809,0.758809,0.107485,0.398026,50.545145,7686.485365,0.0,0.0,0.0,0.213333,0.7,0.0,0.0,0.0,0.0,0.0,0.275,0.725,0.0,0.0,-3.024051,1,ppo_without_queues,rl
ppo,low_snr_blockage,50,600,0.348333,0.043333,0.478028,0.50428,0.085704,21.06122,1703.787084,4.695651,4.695651,0.349928,1.773563,215.633329,16567.069659,0.001667,0.0,0.0,0.651667,0.346667,0.001667,0.0,0.0,0.0,0.0,0.653333,0.228333,0.118333,0.0,-5.760653,1,ppo_without_projection,rl
ppo,low_snr_blockage,50,600,0.786667,0.086667,0.74495,0.780492,0.093335,9.433598,1314.317212,0.758809,0.758809,0.107485,0.398026,50.545145,7686.485365,0.0,0.0,0.0,0.213333,0.7,0.0,0.0,0.0,0.0,0.0,0.275,0.725,0.0,0.0,-3.024051,1,proposed_ppo,rl
always_cache,low_snr_blockage,50,600,0.053333,0.053333,0.342821,0.365022,0.083976,0.172847,7.85,0.0,0.0,0.465131,2.752921,0.0,0.0,0.0,0.0,1.0,0.946667,0.0,0.0,0.0,0.0,0.0,0.0,1.0,0.0,0.0,0.0,-0.799614,2,always_cache,heuristic
always_semantic_token,low_snr_blockage,50,600,0.668333,0.016667,0.638922,0.677722,0.091623,13.862816,1936.955293,1.046327,1.046327,0.205574,1.335657,73.304984,10654.070863,0.643333,0.0,0.980205,0.331667,0.956667,0.203333,0.0,0.0,0.0,0.0,0.0,1.0,0.0,0.0,-4.77547,2,always_semantic_token,heuristic
always_image,low_snr_blockage,50,600,0.678333,0.001667,0.62838,0.649057,0.07367,35.684548,2073.211856,52.858562,52.858562,0.260033,1.6948,242.924676,11846.674172,0.803333,0.0,0.0,0.321667,0.988333,0.245,0.0,0.0,0.0,0.0,0.0,0.0,1.0,0.0,-9.375411,2,always_image,heuristic
semantic_greedy,low_snr_blockage,50,600,0.95,0.085,0.85588,0.897381,0.097549,14.968771,1909.510837,2.557977,2.557977,0.004896,0.021245,73.572568,9989.387008,0.571667,0.0,0.951607,0.05,0.915,0.186667,0.0,0.0,0.0,0.0,0.061667,0.888333,0.05,0.0,-4.414851,2,semantic_greedy,heuristic
lyapunov_greedy,low_snr_blockage,50,600,0.053333,0.053333,0.342821,0.365022,0.083976,0.172847,7.85,0.0,0.0,0.465131,2.752921,0.0,0.0,0.0,0.0,1.0,0.946667,0.0,0.0,0.0,0.0,0.0,0.0,1.0,0.0,0.0,0.0,-0.799614,2,lyapunov_greedy,heuristic
ppo,low_snr_blockage,50,600,0.78,0.085,0.740831,0.776236,0.093237,9.564203,1333.738493,0.752179,0.752179,0.111454,0.388683,53.355292,8036.357818,0.0,0.0,0.0,0.22,0.695,0.0,0.0,0.0,0.0,0.0,0.281667,0.718333,0.0,0.0,-3.065017,2,ppo_without_lcb,rl
ppo,low_snr_blockage,50,600,0.78,0.085,0.740831,0.776236,0.093237,9.564203,1333.738493,0.752179,0.752179,0.111454,0.388683,53.355292,8036.357818,0.0,0.0,0.0,0.22,0.695,0.0,0.0,0.0,0.0,0.0,0.281667,0.718333,0.0,0.0,-3.065017,2,ppo_without_queues,rl
ppo,low_snr_blockage,50,600,0.37,0.048333,0.484764,0.512111,0.085759,20.277198,1731.059375,3.973741,3.973741,0.343461,1.779935,179.331977,14905.310195,0.0,0.0,0.0,0.63,0.406667,0.0,0.0,0.0,0.0,0.0,0.59,0.315,0.095,0.0,-5.639665,2,ppo_without_projection,rl
ppo,low_snr_blockage,50,600,0.78,0.085,0.740831,0.776236,0.093237,9.564203,1333.738493,0.752179,0.752179,0.111454,0.388683,53.355292,8036.357818,0.0,0.0,0.0,0.22,0.695,0.0,0.0,0.0,0.0,0.0,0.281667,0.718333,0.0,0.0,-3.065017,2,proposed_ppo,rl
always_cache,edge_overload,50,600,0.0,0.0,0.266868,0.353846,0.371189,0.627404,7.85,0.0,0.0,0.544832,3.171033,0.0,0.0,0.0,0.0,1.0,1.0,0.0,0.0,0.0,0.0,0.0,0.0,1.0,0.0,0.0,0.0,-0.917513,0,always_cache,heuristic
always_semantic_token,edge_overload,50,600,0.0,0.0,0.582532,0.822408,0.415562,5.543589,647.92426,1.178209,1.178209,0.230168,1.299585,24.977483,2607.422793,0.0,0.0,0.99415,1.0,0.67,0.0,0.0,0.0,0.0,0.0,0.0,1.0,0.0,0.0,-2.065244,0,always_semantic_token,heuristic
always_image,edge_overload,50,600,0.0,0.0,0.50688,0.656667,0.391401,8.808806,762.012011,201.386741,201.386741,0.30692,2.001361,46.432342,3469.558453,6.5,0.0,0.0,1.0,1.0,0.0,1.0,0.0,0.0,0.0,0.0,0.0,1.0,0.0,-3.812673,0,always_image,heuristic
semantic_greedy,edge_overload,50,600,0.0,0.0,0.50688,0.656667,0.391401,8.808806,762.012011,201.386741,201.386741,0.30692,2.001361,46.432342,3469.558453,6.5,0.0,0.0,1.0,1.0,0.0,1.0,0.0,0.0,0.0,0.0,0.0,1.0,0.0,-3.812673,0,semantic_greedy,heuristic
lyapunov_greedy,edge_overload,50,600,0.0,0.0,0.266868,0.353846,0.371189,0.627404,7.85,0.0,0.0,0.544832,3.171033,0.0,0.0,0.0,0.0,1.0,1.0,0.0,0.0,0.0,0.0,0.0,0.0,1.0,0.0,0.0,0.0,-0.917513,0,lyapunov_greedy,heuristic
ppo,edge_overload,50,600,0.0,0.0,0.689371,0.879111,0.382833,4.475549,519.840038,0.81584,0.81584,0.122262,0.719016,15.238334,1809.011052,0.0,0.0,0.0,1.0,0.53,0.0,0.0,0.0,0.0,0.0,0.313333,0.686667,0.0,0.0,-1.29357,0,ppo_without_lcb,rl
ppo,edge_overload,50,600,0.0,0.0,0.676846,0.876119,0.381448,4.734744,547.350975,0.912883,0.912883,0.134554,0.548233,20.001645,2229.625127,0.0,0.0,0.0,1.0,0.548333,0.0,0.0,0.0,0.0,0.0,0.231667,0.768333,0.0,0.0,-1.281607,0,ppo_without_queues,rl
ppo,edge_overload,50,600,0.0,0.0,0.62884,0.867949,0.412901,8.808884,884.486513,1.188204,1.188204,0.18496,1.203288,47.700007,4155.150871,0.0,0.0,0.0,1.0,1.0,0.0,0.0,0.0,0.0,0.0,0.0,1.0,0.0,0.0,-3.461281,0,ppo_without_projection,rl
ppo,edge_overload,50,600,0.0,0.0,0.689371,0.879111,0.382833,4.47456,519.861688,0.81584,0.81584,0.122262,0.719016,15.238342,1809.011052,0.0,0.0,0.0,1.0,0.53,0.0,0.0,0.0,0.0,0.0,0.313333,0.686667,0.0,0.0,-1.293381,0,proposed_ppo,rl
always_cache,edge_overload,50,600,0.0,0.0,0.266311,0.353333,0.371257,0.626677,7.85,0.0,0.0,0.545756,3.179675,0.0,0.0,0.0,0.0,1.0,1.0,0.0,0.0,0.0,0.0,0.0,0.0,1.0,0.0,0.0,0.0,-0.931442,1,always_cache,heuristic
always_semantic_token,edge_overload,50,600,0.0,0.0,0.590772,0.829767,0.413983,5.556035,649.807434,1.176893,1.176893,0.221895,1.245725,24.869064,2589.567702,0.0,0.0,0.994165,1.0,0.671667,0.0,0.0,0.0,0.0,0.0,0.0,1.0,0.0,0.0,-2.03015,1,always_semantic_token,heuristic
always_image,edge_overload,50,600,0.0,0.0,0.522318,0.676667,0.391401,8.784505,758.421832,201.700249,201.700249,0.291516,1.901414,46.268297,3444.095375,6.5,0.0,0.0,1.0,1.0,0.0,1.0,0.0,0.0,0.0,0.0,0.0,1.0,0.0,-3.787004,1,always_image,heuristic
semantic_greedy,edge_overload,50,600,0.0,0.0,0.522318,0.676667,0.391401,8.784505,758.421832,201.700249,201.700249,0.291516,1.901414,46.268297,3444.095375,6.5,0.0,0.0,1.0,1.0,0.0,1.0,0.0,0.0,0.0,0.0,0.0,1.0,0.0,-3.787004,1,semantic_greedy,heuristic
lyapunov_greedy,edge_overload,50,600,0.0,0.0,0.266311,0.353333,0.371257,0.626677,7.85,0.0,0.0,0.545756,3.179675,0.0,0.0,0.0,0.0,1.0,1.0,0.0,0.0,0.0,0.0,0.0,0.0,1.0,0.0,0.0,0.0,-0.931442,1,lyapunov_greedy,heuristic
ppo,edge_overload,50,600,0.0,0.0,0.692328,0.883312,0.384459,4.491174,518.409404,0.823761,0.823761,0.119605,0.72157,15.302114,1796.030334,0.0,0.0,0.0,1.0,0.54,0.0,0.0,0.0,0.0,0.0,0.306667,0.693333,0.0,0.0,-1.318545,1,ppo_without_lcb,rl
ppo,edge_overload,50,600,0.0,0.0,0.686921,0.883243,0.383468,4.691923,538.112543,0.879212,0.879212,0.124912,0.607637,18.674731,2114.883151,0.0,0.0,0.0,1.0,0.553333,0.0,0.0,0.0,0.0,0.0,0.26,0.74,0.0,0.0,-1.316687,1,ppo_without_queues,rl
ppo,edge_overload,50,600,0.0,0.0,0.624637,0.849359,0.406882,8.127243,850.970257,1.077292,1.077292,0.189196,1.156943,45.010203,4100.768181,0.0,0.0,0.0,1.0,0.871667,0.0,0.0,0.0,0.0,0.0,0.093333,0.906667,0.0,0.0,-3.126325,1,ppo_without_projection,rl
ppo,edge_overload,50,600,0.0,0.0,0.691188,0.88203,0.384549,4.469771,518.967111,0.821781,0.821781,0.120646,0.72261,15.281518,1796.197845,0.0,0.0,0.0,1.0,0.531667,0.0,0.0,0.0,0.0,0.0,0.308333,0.691667,0.0,0.0,-1.289484,1,proposed_ppo,rl
always_cache,edge_overload,50,600,0.0,0.0,0.266589,0.35359,0.371223,0.626501,7.85,0.0,0.0,0.545411,3.175564,0.0,0.0,0.0,0.0,1.0,1.0,0.0,0.0,0.0,0.0,0.0,0.0,1.0,0.0,0.0,0.0,-0.924369,2,always_cache,heuristic
always_semantic_token,edge_overload,50,600,0.0,0.0,0.590772,0.829767,0.413983,5.577446,653.071865,1.176893,1.176893,0.221761,1.25597,24.943972,2609.123166,0.0,0.0,0.994164,1.0,0.671667,0.0,0.0,0.0,0.0,0.0,0.0,1.0,0.0,0.0,-2.035738,2,always_semantic_token,heuristic
always_image,edge_overload,50,600,0.0,0.0,0.519745,0.673333,0.391401,8.807854,761.99748,201.647997,201.647997,0.294022,1.930237,46.364855,3466.249475,6.5,0.0,0.0,1.0,1.0,0.0,1.0,0.0,0.0,0.0,0.0,0.0,1.0,0.0,-3.796333,2,always_image,heuristic
semantic_greedy,edge_overload,50,600,0.0,0.0,0.519745,0.673333,0.391401,8.807854,761.99748,201.647997,201.647997,0.294022,1.930237,46.364855,3466.249475,6.5,0.0,0.0,1.0,1.0,0.0,1.0,0.0,0.0,0.0,0.0,0.0,1.0,0.0,-3.796333,2,semantic_greedy,heuristic
lyapunov_greedy,edge_overload,50,600,0.0,0.0,0.266589,0.35359,0.371223,0.626501,7.85,0.0,0.0,0.545411,3.175564,0.0,0.0,0.0,0.0,1.0,1.0,0.0,0.0,0.0,0.0,0.0,0.0,1.0,0.0,0.0,0.0,-0.924369,2,lyapunov_greedy,heuristic
ppo,edge_overload,50,600,0.0,0.0,0.691672,0.882518,0.383951,4.470218,518.955284,0.823761,0.823761,0.120062,0.717782,15.257841,1793.144142,0.0,0.0,0.0,1.0,0.531667,0.0,0.0,0.0,0.0,0.0,0.306667,0.693333,0.0,0.0,-1.274202,2,ppo_without_lcb,rl
ppo,edge_overload,50,600,0.0,0.0,0.685114,0.88242,0.383247,4.68302,543.322243,0.889116,0.889116,0.12652,0.59913,18.68388,2128.164082,0.0,0.0,0.0,1.0,0.548333,0.0,0.0,0.0,0.0,0.0,0.251667,0.748333,0.0,0.0,-1.284974,2,ppo_without_queues,rl
ppo,edge_overload,50,600,0.0,0.0,0.635785,0.874359,0.411857,9.437242,959.561531,1.188199,1.188199,0.177982,1.164727,48.91787,4362.497728,0.0,0.0,0.0,1.0,0.998333,0.0,0.0,0.0,0.0,0.0,0.0,1.0,0.0,0.0,-3.591983,2,ppo_without_projection,rl
ppo,edge_overload,50,600,0.0,0.0,0.691672,0.882518,0.383951,4.470218,518.955284,0.823761,0.823761,0.120062,0.717782,15.257841,1793.144142,0.0,0.0,0.0,1.0,0.531667,0.0,0.0,0.0,0.0,0.0,0.306667,0.693333,0.0,0.0,-1.274202,2,proposed_ppo,rl
always_cache,utm_conflict,50,500,0.0,0.0,0.312645,0.404769,0.373944,0.17824,7.85,0.0,0.0,0.507355,2.620536,0.0,0.0,3.446,0.0,1.0,1.0,0.0,0.0,0.0,0.0,0.0,0.0,1.0,0.0,0.0,0.0,-0.895235,0,always_cache,heuristic
always_semantic_token,utm_conflict,50,500,0.0,0.0,0.464387,0.715052,0.435824,1.908299,196.342474,1.185731,1.185731,0.355613,1.743757,3.6113,161.38254,0.0,0.0,0.994026,1.0,0.284,0.0,0.0,0.0,0.0,0.0,0.0,1.0,0.0,0.0,-1.011006,0,always_semantic_token,heuristic
always_image,utm_conflict,50,500,0.0,0.0,0.364336,0.472,0.391401,4.653041,368.796085,198.492016,198.492016,0.455664,2.487627,14.350794,515.007521,0.0,0.0,0.0,1.0,0.952,0.0,0.0,0.0,0.0,0.0,0.0,0.0,1.0,0.0,-2.939111,0,always_image,heuristic
semantic_greedy,utm_conflict,50,500,0.0,0.0,0.364336,0.472,0.391401,4.653041,368.796085,198.492016,198.492016,0.455664,2.487627,14.350794,515.007521,0.0,0.0,0.0,1.0,0.952,0.0,0.0,0.0,0.0,0.0,0.0,0.0,1.0,0.0,-2.939111,0,semantic_greedy,heuristic
lyapunov_greedy,utm_conflict,50,500,0.0,0.0,0.312645,0.404769,0.373944,0.17824,7.85,0.0,0.0,0.507355,2.620536,0.0,0.0,3.446,0.0,1.0,1.0,0.0,0.0,0.0,0.0,0.0,0.0,1.0,0.0,0.0,0.0,-0.895235,0,lyapunov_greedy,heuristic
ppo,utm_conflict,50,500,0.002,0.0,0.570943,0.76309,0.401186,1.321022,133.325565,1.063593,1.063593,0.249117,1.07623,2.165993,101.696047,1.734,0.0,0.0,0.998,0.18,0.0,0.0,0.0,0.0,0.0,0.36,0.638,0.002,0.0,-0.256109,0,ppo_without_lcb,rl
ppo,utm_conflict,50,500,0.002,0.0,0.570943,0.76309,0.401186,1.321022,133.325565,1.063593,1.063593,0.249117,1.07623,2.165993,101.696047,1.734,0.0,0.0,0.998,0.18,0.0,0.0,0.0,0.0,0.0,0.36,0.638,0.002,0.0,-0.256109,0,ppo_without_queues,rl
ppo,utm_conflict,50,500,0.0,0.0,0.312645,0.404769,0.373944,0.17824,7.85,0.0,0.0,0.507355,2.620536,0.0,0.0,3.446,0.0,0.0,1.0,0.0,0.0,0.0,0.0,0.0,0.0,1.0,0.0,0.0,0.0,-0.895235,0,ppo_without_projection,rl
ppo,utm_conflict,50,500,0.0,0.0,0.581426,0.765473,0.398201,1.26602,130.748171,0.686573,0.686573,0.238574,1.07754,1.911428,92.158613,1.734,0.0,0.0,1.0,0.178,0.0,0.0,0.0,0.0,0.0,0.42,0.58,0.0,0.0,-0.263323,0,proposed_ppo,rl
always_cache,utm_conflict,50,500,0.0,0.0,0.312645,0.404769,0.373944,0.177842,7.85,0.0,0.0,0.507355,2.620536,0.0,0.0,3.446,0.0,1.0,1.0,0.0,0.0,0.0,0.0,0.0,0.0,1.0,0.0,0.0,0.0,-0.895155,1,always_cache,heuristic
always_semantic_token,utm_conflict,50,500,0.0,0.0,0.464387,0.715052,0.435824,1.907614,196.298416,1.185731,1.185731,0.355613,1.743757,3.673359,161.215112,0.0,0.0,0.994026,1.0,0.288,0.0,0.0,0.0,0.0,0.0,0.0,1.0,0.0,0.0,-1.014851,1,always_semantic_token,heuristic
always_image,utm_conflict,50,500,0.0,0.0,0.364336,0.472,0.391401,4.652875,368.752546,198.492016,198.492016,0.455664,2.487627,14.511694,514.771654,0.0,0.0,0.0,1.0,0.964,0.0,0.0,0.0,0.0,0.0,0.0,0.0,1.0,0.0,-2.95106,1,always_image,heuristic
semantic_greedy,utm_conflict,50,500,0.0,0.0,0.364336,0.472,0.391401,4.652875,368.752546,198.492016,198.492016,0.455664,2.487627,14.511694,514.771654,0.0,0.0,0.0,1.0,0.964,0.0,0.0,0.0,0.0,0.0,0.0,0.0,1.0,0.0,-2.95106,1,semantic_greedy,heuristic
lyapunov_greedy,utm_conflict,50,500,0.0,0.0,0.312645,0.404769,0.373944,0.177842,7.85,0.0,0.0,0.507355,2.620536,0.0,0.0,3.446,0.0,1.0,1.0,0.0,0.0,0.0,0.0,0.0,0.0,1.0,0.0,0.0,0.0,-0.895155,1,lyapunov_greedy,heuristic
ppo,utm_conflict,50,500,0.002,0.0,0.569277,0.761551,0.401436,1.320439,133.297396,1.063595,1.063595,0.250783,1.085396,2.165427,101.769975,1.734,0.0,0.0,0.998,0.18,0.0,0.0,0.0,0.0,0.0,0.36,0.638,0.002,0.0,-0.275981,1,ppo_without_lcb,rl
ppo,utm_conflict,50,500,0.0,0.0,0.57976,0.763935,0.398451,1.269378,131.035676,0.686574,0.686574,0.24024,1.086707,1.910861,92.232539,1.734,0.0,0.0,1.0,0.178,0.0,0.0,0.0,0.0,0.0,0.42,0.58,0.0,0.0,-0.28411,1,ppo_without_queues,rl
ppo,utm_conflict,50,500,0.0,0.0,0.445998,0.587692,0.38833,2.398896,239.641745,0.365966,0.365966,0.374002,1.776484,13.090703,780.698568,0.0,0.0,0.0,1.0,0.308,0.0,0.0,0.0,0.0,0.0,0.692,0.308,0.0,0.0,-1.680368,1,ppo_without_projection,rl
ppo,utm_conflict,50,500,0.0,0.0,0.57976,0.763935,0.398451,1.269378,131.035676,0.686574,0.686574,0.24024,1.086707,1.910861,92.232539,1.734,0.0,0.0,1.0,0.178,0.0,0.0,0.0,0.0,0.0,0.42,0.58,0.0,0.0,-0.28411,1,proposed_ppo,rl
always_cache,utm_conflict,50,500,0.0,0.0,0.31298,0.405077,0.373903,0.177831,7.85,0.0,0.0,0.50702,2.617193,0.0,0.0,3.446,0.0,1.0,1.0,0.0,0.0,0.0,0.0,0.0,0.0,1.0,0.0,0.0,0.0,-0.886709,2,always_cache,heuristic
always_semantic_token,utm_conflict,50,500,0.0,0.0,0.46022,0.711206,0.43645,1.906958,196.201634,1.185734,1.185734,0.35978,1.777091,3.671806,161.059418,0.0,0.0,0.994017,1.0,0.288,0.0,0.0,0.0,0.0,0.0,0.0,1.0,0.0,0.0,-1.040681,2,always_semantic_token,heuristic
always_image,utm_conflict,50,500,0.0,0.0,0.348898,0.452,0.391401,4.651666,368.71065,198.178508,198.178508,0.471102,2.572536,14.504125,514.547477,0.0,0.0,0.0,1.0,0.964,0.0,0.0,0.0,0.0,0.0,0.0,0.0,1.0,0.0,-2.970174,2,always_image,heuristic
semantic_greedy,utm_conflict,50,500,0.0,0.0,0.348898,0.452,0.391401,4.651666,368.71065,198.178508,198.178508,0.471102,2.572536,14.504125,514.547477,0.0,0.0,0.0,1.0,0.964,0.0,0.0,0.0,0.0,0.0,0.0,0.0,1.0,0.0,-2.970174,2,semantic_greedy,heuristic
lyapunov_greedy,utm_conflict,50,500,0.0,0.0,0.31298,0.405077,0.373903,0.177831,7.85,0.0,0.0,0.50702,2.617193,0.0,0.0,3.446,0.0,1.0,1.0,0.0,0.0,0.0,0.0,0.0,0.0,1.0,0.0,0.0,0.0,-0.886709,2,lyapunov_greedy,heuristic
ppo,utm_conflict,50,500,0.002,0.0,0.572461,0.762929,0.398693,1.322122,133.50227,1.05853,1.05853,0.247599,1.075211,2.098425,101.261915,1.734,0.0,0.0,0.998,0.176,0.0,0.0,0.0,0.0,0.0,0.362,0.636,0.002,0.0,-0.237945,2,ppo_without_lcb,rl
ppo,utm_conflict,50,500,0.0,0.0,0.581968,0.76511,0.396669,1.267229,130.875549,0.684782,0.684782,0.238032,1.079302,1.860123,92.076097,1.734,0.0,0.0,1.0,0.174,0.0,0.0,0.0,0.0,0.0,0.42,0.58,0.0,0.0,-0.245168,2,ppo_without_queues,rl
ppo,utm_conflict,50,500,0.0,0.0,0.31298,0.405077,0.373903,0.177831,7.85,0.0,0.0,0.50702,2.617193,0.0,0.0,3.446,0.0,0.0,1.0,0.0,0.0,0.0,0.0,0.0,0.0,1.0,0.0,0.0,0.0,-0.886709,2,ppo_without_projection,rl
ppo,utm_conflict,50,500,0.0,0.0,0.581968,0.76511,0.396669,1.268317,130.960774,0.684782,0.684782,0.238032,1.079302,1.860123,92.076097,1.734,0.0,0.0,1.0,0.174,0.0,0.0,0.0,0.0,0.0,0.42,0.58,0.0,0.0,-0.24542,2,proposed_ppo,rl
