episode,quality_cost,deadline_cost,quality_cost_normal,quality_cost_critical,deadline_cost_normal,deadline_cost_critical,conflict_cost,battery_cost,gpu_cost,lambda_quality_normal,lambda_quality_critical,lambda_deadline_normal,lambda_deadline_critical,lambda_conflict,lambda_battery,lambda_gpu,lambda_quality,lambda_deadline
0.0,0.8,0.0,0.0,0.8,0.0,0.0,0.0,0.0,0.0,0.0,0.07800000000000001,0.0,0.0,0.0,0.0,0.0,0.03900000000000001,0.0
1.0,1.0,0.0,0.0,1.0,0.0,0.0,0.0,0.0,0.0,0.0,0.17522000000000001,0.0,0.0,0.0,0.0,0.0,0.08761000000000001,0.0
2.0,0.6,0.0,0.0,0.6,0.0,0.0,0.0,0.0,0.0,0.0,0.2314678,0.0,0.0,0.0,0.0,0.0,0.1157339,0.0
3.0,0.6,0.0,0.0,0.6,0.0,0.0,0.0,0.0,0.0,0.0,0.287153122,0.0,0.0,0.0,0.0,0.0,0.143576561,0.0
4.0,1.0,0.0,0.0,1.0,0.0,0.0,0.0,0.0,0.0,0.0,0.38228159078,0.0,0.0,0.0,0.0,0.0,0.19114079539,0.0
5.0,1.0,0.1111111111111111,0.1111111111111111,0.8888888888888888,0.1111111111111111,0.0,0.0,0.0,0.0,0.0061111111111111106,0.46534766376108894,0.0061111111111111106,0.0,0.0,0.0,0.0,0.23572938743610003,0.0030555555555555553
6.0,0.6,0.0,0.0,0.6,0.0,0.0,0.0,0.0,0.0,0.0010499999999999989,0.518694187123478,0.0010499999999999989,0.0,0.0,0.0,0.0,0.259872093561739,0.0005249999999999994
7.0,0.6,0.0,0.0,0.6,0.0,0.0,0.0,0.0,0.0,0.0,0.5715072452522432,0.0,0.0,0.0,0.0,0.0,0.2857536226261216,0.0
8.0,0.6,0.0,0.0,0.6,0.0,0.0,0.0,0.0,0.0,0.0,0.6237921727997207,0.0,0.0,0.0,0.0,0.0,0.31189608639986033,0.0
9.0,0.8,0.0,0.0,0.8,0.0,0.0,0.0,0.0,0.0,0.0,0.6955542510717234,0.0,0.0,0.0,0.0,0.0,0.3477771255358617,0.0
10.0,0.8,0.1,0.1,0.7,0.1,0.0,0.0,0.0,0.0,0.005000000000000001,0.7565987085610061,0.005000000000000001,0.0,0.0,0.0,0.0,0.38079935428050304,0.0025000000000000005
11.0,1.0,0.0,0.0,1.0,0.0,0.0,0.0,0.0,0.0,0.0,0.847032721475396,0.0,0.0,0.0,0.0,0.0,0.423516360737698,0.0
12.0,1.0,0.0,0.0,1.0,0.0,0.0,0.0,0.0,0.0,0.0,0.936562394260642,0.0,0.0,0.0,0.0,0.0,0.468281197130321,0.0
13.0,0.7777777777777778,0.1111111111111111,0.1111111111111111,0.6666666666666666,0.1111111111111111,0.0,0.0,0.0,0.0,0.0061111111111111106,0.9918634369847023,0.0061111111111111106,0.0,0.0,0.0,0.0,0.49898727404790666,0.0030555555555555553
14.0,1.0,0.0,0.0,1.0,0.0,0.0,0.0,0.0,0.0,0.0010499999999999989,1.0799448026148553,0.0010499999999999989,0.0,0.0,0.0,0.0,0.5404974013074276,0.0005249999999999994
15.0,0.8,0.0,0.0,0.8,0.0,0.0,0.0,0.0,0.0,0.0,1.1471453545887067,0.0,0.0,0.0,0.0,0.0,0.5735726772943534,0.0
16.0,1.0,0.0,0.0,1.0,0.0,0.0,0.0,0.0,0.0,0.0,1.2336739010428197,0.0,0.0,0.0,0.0,0.0,0.6168369505214099,0.0
17.0,1.0,0.0,0.0,1.0,0.0,0.0,0.0,0.0,0.0,0.0,1.3193371620323915,0.0,0.0,0.0,0.0,0.0,0.6596685810161957,0.0
18.0,1.0,0.0,0.0,1.0,0.0,0.0,0.0,0.0,0.0,0.0,1.4041437904120677,0.0,0.0,0.0,0.0,0.0,0.7020718952060339,0.0
19.0,1.0,0.0,0.0,1.0,0.0,0.0,0.0,0.0,0.0,0.0,1.488102352507947,0.0,0.0,0.0,0.0,0.0,0.7440511762539735,0.0
20.0,1.0,0.0,0.0,1.0,0.0,0.0,0.0,0.0,0.0,0.0,1.5712213289828676,0.0,0.0,0.0,0.0,0.0,0.7856106644914338,0.0
21.0,1.0,0.0,0.0,1.0,0.0,0.0,0.0,0.0,0.0,0.0,1.653509115693039,0.0,0.0,0.0,0.0,0.0,0.8267545578465195,0.0
22.0,1.0,0.0,0.0,1.0,0.0,0.0,0.0,0.0,0.0,0.0,1.7349740245361087,0.0,0.0,0.0,0.0,0.0,0.8674870122680544,0.0
23.0,1.0,0.0,0.0,1.0,0.0,0.0,0.0,0.0,0.0,0.0,1.8156242842907477,0.0,0.0,0.0,0.0,0.0,0.9078121421453739,0.0
24.0,1.0,0.0,0.0,1.0,0.0,0.0,0.0,0.0,0.0,0.0,1.8954680414478404,0.0,0.0,0.0,0.0,0.0,0.9477340207239202,0.0
25.0,1.0,0.0,0.0,1.0,0.0,0.0,0.0,0.0,0.0,0.0,1.974513361033362,0.0,0.0,0.0,0.0,0.0,0.987256680516681,0.0
26.0,1.0,0.0,0.0,1.0,0.0,0.0,0.0,0.0,0.0,0.0,2.0527682274230283,0.0,0.0,0.0,0.0,0.0,1.0263841137115142,0.0
27.0,1.0,0.0,0.0,1.0,0.0,0.0,0.0,0.0,0.0,0.0,2.130240545148798,0.0,0.0,0.0,0.0,0.0,1.065120272574399,0.0
28.0,0.6,0.0,0.0,0.6,0.0,0.0,0.0,0.0,0.0,0.0,2.1669381396973098,0.0,0.0,0.0,0.0,0.0,1.0834690698486549,0.0
29.0,1.0,0.0,0.0,1.0,0.0,0.0,0.0,0.0,0.0,0.0,2.2432687583003363,0.0,0.0,0.0,0.0,0.0,1.1216343791501682,0.0
30.0,1.0,0.0,0.0,1.0,0.0,0.0,0.0,0.0,0.0,0.0,2.318836070717333,0.0,0.0,0.0,0.0,0.0,1.1594180353586665,0.0
31.0,0.8,0.1,0.1,0.7,0.1,0.0,0.0,0.0,0.0,0.005000000000000001,2.36364771001016,0.005000000000000001,0.0,0.0,0.0,0.0,1.1843238550050799,0.0025000000000000005
32.0,1.0,0.0,0.0,1.0,0.0,0.0,0.0,0.0,0.0,0.0,2.4380112329100583,0.0,0.0,0.0,0.0,0.0,1.2190056164550291,0.0
33.0,1.0,0.0,0.0,1.0,0.0,0.0,0.0,0.0,0.0,0.0,2.5116311205809576,0.0,0.0,0.0,0.0,0.0,1.2558155602904788,0.0
34.0,1.0,0.0,0.0,1.0,0.0,0.0,0.0,0.0,0.0,0.0,2.5845148093751478,0.0,0.0,0.0,0.0,0.0,1.2922574046875739,0.0
35.0,1.0,0.0,0.0,1.0,0.0,0.0,0.0,0.0,0.0,0.0,2.6566696612813963,0.0,0.0,0.0,0.0,0.0,1.3283348306406981,0.0
36.0,1.0,0.0,0.0,1.0,0.0,0.0,0.0,0.0,0.0,0.0,2.728102964668582,0.0,0.0,0.0,0.0,0.0,1.364051482334291,0.0
37.0,0.6,0.0,0.0,0.6,0.0,0.0,0.0,0.0,0.0,0.0,2.758821935021896,0.0,0.0,0.0,0.0,0.0,1.379410967510948,0.0
38.0,0.8,0.0,0.0,0.8,0.0,0.0,0.0,0.0,0.0,0.0,2.809233715671677,0.0,0.0,0.0,0.0,0.0,1.4046168578358385,0.0
39.0,1.0,0.0,0.0,1.0,0.0,0.0,0.0,0.0,0.0,0.0,2.87914137851496,0.0,0.0,0.0,0.0,0.0,1.43957068925748,0.0
40.0,1.0,0.0,0.0,1.0,0.0,0.0,0.0,0.0,0.0,0.0,2.94834996472981,0.0,0.0,0.0,0.0,0.0,1.474174982364905,0.0
41.0,0.9,0.0,0.0,0.9,0.0,0.0,0.1,0.0,0.0,0.0,3.006866465082512,0.0,0.0,0.004000000000000001,0.0,0.0,1.503433232541256,0.0
42.0,1.0,0.0,0.0,1.0,0.0,0.0,0.0,0.0,0.0,0.0,3.074797800431687,0.0,0.0,0.0,0.0,0.0,1.5373989002158435,0.0
43.0,0.6,0.0,0.0,0.6,0.0,0.0,0.0,0.0,0.0,0.0,3.10204982242737,0.0,0.0,0.0,0.0,0.0,1.551024911213685,0.0
44.0,1.0,0.0,0.0,1.0,0.0,0.0,0.0,0.0,0.0,0.0,3.169029324203096,0.0,0.0,0.0,0.0,0.0,1.584514662101548,0.0
45.0,1.0,0.0,0.0,1.0,0.0,0.0,0.0,0.0,0.0,0.0,3.235339030961065,0.0,0.0,0.0,0.0,0.0,1.6176695154805325,0.0
46.0,1.0,0.0,0.0,1.0,0.0,0.0,0.0,0.0,0.0,0.0,3.3009856406514544,0.0,0.0,0.0,0.0,0.0,1.6504928203257272,0.0
47.0,1.0,0.0,0.0,1.0,0.0,0.0,0.0,0.0,0.0,0.0,3.36597578424494,0.0,0.0,0.0,0.0,0.0,1.68298789212247,0.0
48.0,0.6,0.0,0.0,0.6,0.0,0.0,0.0,0.0,0.0,0.0,3.3903160264024903,0.0,0.0,0.0,0.0,0.0,1.6951580132012452,0.0
49.0,0.8,0.0,0.0,0.8,0.0,0.0,0.0,0.0,0.0,0.0,3.4344128661384654,0.0,0.0,0.0,0.0,0.0,1.7172064330692327,0.0
50.0,0.6,0.0,0.0,0.6,0.0,0.0,0.0,0.0,0.0,0.0,3.4580687374770807,0.0,0.0,0.0,0.0,0.0,1.7290343687385403,0.0
51.0,0.7777777777777778,0.1111111111111111,0.1111111111111111,0.6666666666666666,0.1111111111111111,0.0,0.0,0.0,0.0,0.0061111111111111106,3.4881547167689764,0.0061111111111111106,0.0,0.0,0.0,0.0,1.7471329139400438,0.0030555555555555553
52.0,0.8,0.0,0.0,0.8,0.0,0.0,0.0,0.0,0.0,0.0010499999999999989,3.5312731696012865,0.0010499999999999989,0.0,0.0,0.0,0.0,1.7661615848006433,0.0005249999999999994
53.0,0.8,0.0,0.0,0.8,0.0,0.0,0.0,0.0,0.0,0.0,3.5739604379052734,0.0,0.0,0.0,0.0,0.0,1.7869802189526367,0.0
54.0,1.0,0.0,0.0,1.0,0.0,0.0,0.0,0.0,0.0,0.0,3.6362208335262207,0.0,0.0,0.0,0.0,0.0,1.8181104167631104,0.0
55.0,1.0,0.0,0.0,1.0,0.0,0.0,0.0,0.0,0.0,0.0,3.697858625190958,0.0,0.0,0.0,0.0,0.0,1.848929312595479,0.0
56.0,1.0,0.0,0.0,1.0,0.0,0.0,0.0,0.0,0.0,0.0,3.7588800389390484,0.0,0.0,0.0,0.0,0.0,1.8794400194695242,0.0
57.0,1.0,0.0,0.0,1.0,0.0,0.0,0.0,0.0,0.0,0.0,3.8192912385496576,0.0,0.0,0.0,0.0,0.0,1.9096456192748288,0.0
58.0,1.0,0.0,0.0,1.0,0.0,0.0,0.0,0.0,0.0,0.0,3.879098326164161,0.0,0.0,0.0,0.0,0.0,1.9395491630820805,0.0
59.0,1.0,0.0,0.0,1.0,0.0,0.0,0.0,0.0,0.0,0.0,3.9383073429025193,0.0,0.0,0.0,0.0,0.0,1.9691536714512596,0.0
60.0,1.0,0.0,0.0,1.0,0.0,0.0,0.0,0.0,0.0,0.0,3.996924269473494,0.0,0.0,0.0,0.0,0.0,1.998462134736747,0.0
61.0,1.0,0.0,0.0,1.0,0.0,0.0,0.0,0.0,0.0,0.0,4.054955026778759,0.0,0.0,0.0,0.0,0.0,2.0274775133893796,0.0
62.0,1.0,0.1,0.1,0.9,0.1,0.0,0.0,0.0,0.0,0.005000000000000001,4.102405476510972,0.005000000000000001,0.0,0.0,0.0,0.0,2.053702738255486,0.0025000000000000005
63.0,1.0,0.0,0.0,1.0,0.0,0.0,0.0,0.0,0.0,0.0,4.159381421745862,0.0,0.0,0.0,0.0,0.0,2.079690710872931,0.0
64.0,0.8,0.1,0.1,0.7,0.1,0.0,0.0,0.0,0.0,0.005000000000000001,4.185787607528403,0.005000000000000001,0.0,0.0,0.0,0.0,2.0953938037642015,0.0025000000000000005
65.0,0.8,0.0,0.0,0.8,0.0,0.0,0.0,0.0,0.0,0.0,4.22192973145312,0.0,0.0,0.0,0.0,0.0,2.11096486572656,0.0
66.0,1.0,0.0,0.0,1.0,0.0,0.0,0.0,0.0,0.0,0.0,4.277710434138588,0.0,0.0,0.0,0.0,0.0,2.138855217069294,0.0
67.0,1.0,0.1111111111111111,0.1111111111111111,0.8888888888888888,0.1111111111111111,0.0,0.0,0.0,0.0,0.0061111111111111106,4.321822218686091,0.0061111111111111106,0.0,0.0,0.0,0.0,2.163966664898601,0.0030555555555555553
68.0,1.0,0.0,0.0,1.0,0.0,0.0,0.0,0.0,0.0,0.0010499999999999989,4.376603996499229,0.0010499999999999989,0.0,0.0,0.0,0.0,2.1888269982496147,0.0005249999999999994
69.0,1.0,0.0,0.0,1.0,0.0,0.0,0.0,0.0,0.0,0.0,4.430837956534237,0.0,0.0,0.0,0.0,0.0,2.2154189782671185,0.0
70.0,1.0,0.0,0.0,1.0,0.0,0.0,0.0,0.0,0.0,0.0,4.484529576968894,0.0,0.0,0.0,0.0,0.0,2.242264788484447,0.0
71.0,1.0,0.1,0.1,0.9,0.1,0.0,0.0,0.0,0.0,0.005000000000000001,4.527684281199205,0.005000000000000001,0.0,0.0,0.0,0.0,2.2663421405996025,0.0025000000000000005
72.0,0.6,0.0,0.0,0.6,0.0,0.0,0.0,0.0,0.0,0.0,4.540407438387213,0.0,0.0,0.0,0.0,0.0,2.2702037191936064,0.0
73.0,1.0,0.0,0.0,1.0,0.0,0.0,0.0,0.0,0.0,0.0,4.593003364003341,0.0,0.0,0.0,0.0,0.0,2.2965016820016704,0.0
74.0,1.0,0.0,0.0,1.0,0.0,0.0,0.0,0.0,0.0,0.0,4.645073330363307,0.0,0.0,0.0,0.0,0.0,2.3225366651816537,0.0
75.0,0.9,0.0,0.0,0.9,0.0,0.0,0.0,0.0,0.0,0.0,4.686622597059674,0.0,0.0,0.0,0.0,0.0,2.343311298529837,0.0
76.0,1.0,0.0,0.0,1.0,0.0,0.0,0.0,0.0,0.0,0.0,4.737756371089078,0.0,0.0,0.0,0.0,0.0,2.368878185544539,0.0
77.0,0.8,0.1,0.3,0.5,0.1,0.0,0.0,0.0,0.0,0.025,4.738378807378187,0.005000000000000001,0.0,0.0,0.0,0.0,2.381689403689094,0.0025000000000000005
78.0,0.6,0.0,0.0,0.6,0.0,0.0,0.0,0.0,0.0,0.01975,4.748995019304405,0.0,0.0,0.0,0.0,0.0,2.3843725096522026,0.0
79.0,1.0,0.0,0.0,1.0,0.0,0.0,0.0,0.0,0.0,0.0145525,4.799505069111361,0.0,0.0,0.0,0.0,0.0,2.4070287845556804,0.0
80.0,0.6,0.0,0.0,0.6,0.0,0.0,0.0,0.0,0.0,0.009406974999999998,4.809510018420247,0.0,0.0,0.0,0.0,0.0,2.4094584967101236,0.0
81.0,0.9,0.0,0.0,0.9,0.0,0.0,0.0,0.0,0.0,0.004312905249999997,4.849414918236045,0.0,0.0,0.0,0.0,0.0,2.4268639117430224,0.0
82.0,0.8,0.0,0.0,0.8,0.0,0.0,0.0,0.0,0.0,0.0,4.878920769053685,0.0,0.0,0.0,0.0,0.0,2.4394603845268423,0.0
83.0,1.0,0.0,0.0,1.0,0.0,0.0,0.0,0.0,0.0,0.0,4.928131561363148,0.0,0.0,0.0,0.0,0.0,2.464065780681574,0.0
84.0,0.8888888888888888,0.1111111111111111,0.1111111111111111,0.7777777777777778,0.1111111111111111,0.0,0.0,0.0,0.0,0.0061111111111111106,4.9546280235272935,0.0061111111111111106,0.0,0.0,0.0,0.0,2.4803695673192023,0.0030555555555555553
85.0,1.0,0.0,0.0,1.0,0.0,0.0,0.0,0.0,0.0,0.0010499999999999989,5.003081743292021,0.0010499999999999989,0.0,0.0,0.0,0.0,2.5020658716460105,0.0005249999999999994
86.0,0.8,0.0,0.0,0.8,0.0,0.0,0.0,0.0,0.0,0.0,5.031050925859101,0.0,0.0,0.0,0.0,0.0,2.5155254629295505,0.0
87.0,1.0,0.0,0.0,1.0,0.0,0.0,0.0,0.0,0.0,0.0,5.0787404166005095,0.0,0.0,0.0,0.0,0.0,2.5393702083002547,0.0
88.0,1.0,0.0,0.0,1.0,0.0,0.0,0.0,0.0,0.0,0.0,5.125953012434504,0.0,0.0,0.0,0.0,0.0,2.562976506217252,0.0
89.0,0.6,0.0,0.0,0.6,0.0,0.0,0.0,0.0,0.0,0.0,5.132693482310159,0.0,0.0,0.0,0.0,0.0,2.5663467411550793,0.0
90.0,0.6,0.0,0.0,0.6,0.0,0.0,0.0,0.0,0.0,0.0,5.1393665474870565,0.0,0.0,0.0,0.0,0.0,2.5696832737435282,0.0
91.0,1.0,0.0,0.0,1.0,0.0,0.0,0.0,0.0,0.0,0.0,5.1859728820121855,0.0,0.0,0.0,0.0,0.0,2.5929864410060928,0.0
92.0,0.8,0.0,0.0,0.8,0.0,0.0,0.0,0.0,0.0,0.0,5.212113153192064,0.0,0.0,0.0,0.0,0.0,2.606056576596032,0.0
93.0,0.8,0.0,0.0,0.8,0.0,0.0,0.0,0.0,0.0,0.0,5.237992021660143,0.0,0.0,0.0,0.0,0.0,2.6189960108300716,0.0
94.0,1.0,0.0,0.0,1.0,0.0,0.0,0.0,0.0,0.0,0.0,5.283612101443541,0.0,0.0,0.0,0.0,0.0,2.6418060507217707,0.0
95.0,1.0,0.0,0.0,1.0,0.0,0.0,0.0,0.0,0.0,0.0,5.328775980429106,0.0,0.0,0.0,0.0,0.0,2.664387990214553,0.0
96.0,1.0,0.0,0.0,1.0,0.0,0.0,0.0,0.0,0.0,0.0,5.373488220624815,0.0,0.0,0.0,0.0,0.0,2.6867441103124077,0.0
97.0,0.6,0.0,0.0,0.6,0.0,0.0,0.0,0.0,0.0,0.0,5.377753338418567,0.0,0.0,0.0,0.0,0.0,2.6888766692092836,0.0
98.0,0.7142857142857143,0.14285714285714285,0.14285714285714285,0.5714285714285714,0.14285714285714285,0.0,0.0,0.0,0.0,0.009285714285714284,5.379118662177238,0.009285714285714284,0.0,0.0,0.0,0.0,2.6942021882314764,0.004642857142857142
99.0,1.0,0.0,0.0,1.0,0.0,0.0,0.0,0.0,0.0,0.0041928571428571405,5.423327475555466,0.0041928571428571405,0.0,0.0,0.0,0.0,2.7137601663491613,0.0020964285714285703
100.0,0.8,0.0,0.0,0.8,0.0,0.0,0.0,0.0,0.0,0.0,5.447094200799912,0.0,0.0,0.0,0.0,0.0,2.723547100399956,0.0
101.0,0.8888888888888888,0.1111111111111111,0.1111111111111111,0.7777777777777778,0.1111111111111111,0.0,0.0,0.0,0.0,0.0061111111111111106,5.4684010365696905,0.0061111111111111106,0.0,0.0,0.0,0.0,2.737256073840401,0.0030555555555555553
102.0,0.8,0.0,0.0,0.8,0.0,0.0,0.0,0.0,0.0,0.0010499999999999989,5.491717026203994,0.0010499999999999989,0.0,0.0,0.0,0.0,2.746383513101997,0.0005249999999999994
103.0,1.0,0.0,0.0,1.0,0.0,0.0,0.0,0.0,0.0,0.0,5.534799855941954,0.0,0.0,0.0,0.0,0.0,2.767399927970977,0.0
104.0,1.0,0.0,0.0,1.0,0.0,0.0,0.0,0.0,0.0,0.0,5.577451857382535,0.0,0.0,0.0,0.0,0.0,2.7887259286912673,0.0
105.0,0.6,0.0,0.0,0.6,0.0,0.0,0.0,0.0,0.0,0.0,5.579677338808709,0.0,0.0,0.0,0.0,0.0,2.7898386694043547,0.0
106.0,1.0,0.0,0.0,1.0,0.0,0.0,0.0,0.0,0.0,0.0,5.621880565420622,0.0,0.0,0.0,0.0,0.0,2.810940282710311,0.0
107.0,1.0,0.0,0.0,1.0,0.0,0.0,0.0,0.0,0.0,0.0,5.663661759766416,0.0,0.0,0.0,0.0,0.0,2.831830879883208,0.0
108.0,1.0,0.0,0.1,0.9,0.0,0.0,0.0,0.0,0.0,0.005000000000000001,5.6950251421687526,0.0,0.0,0.0,0.0,0.0,2.8500125710843762,0.0
109.0,0.8,0.0,0.0,0.8,0.0,0.0,0.0,0.0,0.0,0.0,5.716074890747065,0.0,0.0,0.0,0.0,0.0,2.8580374453735327,0.0
110.0,1.0,0.0,0.0,1.0,0.0,0.0,0.0,0.0,0.0,0.0,5.756914141839594,0.0,0.0,0.0,0.0,0.0,2.878457070919797,0.0
111.0,1.0,0.0,0.0,1.0,0.0,0.0,0.0,0.0,0.0,0.0,5.797345000421198,0.0,0.0,0.0,0.0,0.0,2.898672500210599,0.0
112.0,0.8,0.0,0.0,0.8,0.0,0.0,0.0,0.0,0.0,0.0,5.817371550416986,0.0,0.0,0.0,0.0,0.0,2.908685775208493,0.0
113.0,0.8,0.0,0.0,0.8,0.0,0.0,0.0,0.0,0.0,0.0,5.837197834912817,0.0,0.0,0.0,0.0,0.0,2.9185989174564084,0.0
114.0,1.0,0.0,0.0,1.0,0.0,0.0,0.0,0.0,0.0,0.0,5.876825856563689,0.0,0.0,0.0,0.0,0.0,2.9384129282818443,0.0
115.0,1.0,0.0,0.0,1.0,0.0,0.0,0.0,0.0,0.0,0.0,5.916057597998051,0.0,0.0,0.0,0.0,0.0,2.9580287989990257,0.0
116.0,0.6,0.0,0.0,0.6,0.0,0.0,0.0,0.0,0.0,0.0,5.914897022018071,0.0,0.0,0.0,0.0,0.0,2.9574485110090354,0.0
117.0,0.6,0.0,0.0,0.6,0.0,0.0,0.0,0.0,0.0,0.0,5.9137480517978895,0.0,0.0,0.0,0.0,0.0,2.9568740258989448,0.0
118.0,0.7777777777777778,0.1111111111111111,0.1111111111111111,0.6666666666666666,0.1111111111111111,0.0,0.0,0.0,0.0,0.0061111111111111106,5.919277237946577,0.0061111111111111106,0.0,0.0,0.0,0.0,2.962694174528844,0.0030555555555555553
119.0,0.6,0.0,0.0,0.6,0.0,0.0,0.0,0.0,0.0,0.0010499999999999989,5.918084465567111,0.0010499999999999989,0.0,0.0,0.0,0.0,2.959567232783556,0.0005249999999999994
120.0,1.0,0.0,0.0,1.0,0.0,0.0,0.0,0.0,0.0,0.0,5.95690362091144,0.0,0.0,0.0,0.0,0.0,2.97845181045572,0.0
121.0,1.0,0.0,0.0,1.0,0.0,0.0,0.0,0.0,0.0,0.0,5.995334584702325,0.0,0.0,0.0,0.0,0.0,2.9976672923511627,0.0
122.0,0.6,0.0,0.0,0.6,0.0,0.0,0.0,0.0,0.0,0.0,5.993381238855302,0.0,0.0,0.0,0.0,0.0,2.996690619427651,0.0
123.0,1.0,0.0,0.0,1.0,0.0,0.0,0.0,0.0,0.0,0.0,6.031447426466749,0.0,0.0,0.0,0.0,0.0,3.0157237132333745,0.0
124.0,0.6,0.0,0.0,0.6,0.0,0.0,0.0,0.0,0.0,0.0,6.029132952202081,0.0,0.0,0.0,0.0,0.0,3.0145664761010407,0.0
125.0,1.0,0.0,0.0,1.0,0.0,0.0,0.0,0.0,0.0,0.0,6.0668416226800606,0.0,0.0,0.0,0.0,0.0,3.0334208113400303,0.0
126.0,1.0,0.0,0.0,1.0,0.0,0.0,0.0,0.0,0.0,0.0,6.10417320645326,0.0,0.0,0.0,0.0,0.0,3.05208660322663,0.0
127.0,1.0,0.0,0.0,1.0,0.0,0.0,0.0,0.0,0.0,0.0,6.141131474388727,0.0,0.0,0.0,0.0,0.0,3.0705657371943635,0.0
128.0,1.0,0.0,0.0,1.0,0.0,0.0,0.0,0.0,0.0,0.0,6.1777201596448394,0.0,0.0,0.0,0.0,0.0,3.0888600798224197,0.0
129.0,0.6,0.0,0.0,0.6,0.0,0.0,0.0,0.0,0.0,0.0,6.173942958048391,0.0,0.0,0.0,0.0,0.0,3.0869714790241956,0.0
130.0,1.0,0.0,0.0,1.0,0.0,0.0,0.0,0.0,0.0,0.0,6.210203528467907,0.0,0.0,0.0,0.0,0.0,3.1051017642339533,0.0
131.0,1.0,0.0,0.0,1.0,0.0,0.0,0.0,0.0,0.0,0.0,6.246101493183227,0.0,0.0,0.0,0.0,0.0,3.1230507465916135,0.0
132.0,0.6,0.0,0.0,0.6,0.0,0.0,0.0,0.0,0.0,0.0,6.241640478251394,0.0,0.0,0.0,0.0,0.0,3.120820239125697,0.0
133.0,1.0,0.125,0.125,0.875,0.125,0.0,0.0,0.0,0.0,0.0075,6.26472407346888,0.0075,0.0,0.0,0.0,0.0,3.13611203673444,0.00375
134.0,1.0,0.0,0.0,1.0,0.0,0.0,0.0,0.0,0.0,0.0024249999999999983,6.300076832734191,0.0024249999999999983,0.0,0.0,0.0,0.0,3.151250916367095,0.0012124999999999992
135.0,1.0,0.0,0.0,1.0,0.0,0.0,0.0,0.0,0.0,0.0,6.335076064406849,0.0,0.0,0.0,0.0,0.0,3.1675380322034243,0.0
136.0,1.0,0.0,0.0,1.0,0.0,0.0,0.0,0.0,0.0,0.0,6.36972530376278,0.0,0.0,0.0,0.0,0.0,3.18486265188139,0.0
137.0,1.0,0.0,0.0,1.0,0.0,0.0,0.0,0.0,0.0,0.0,6.404028050725152,0.0,0.0,0.0,0.0,0.0,3.202014025362576,0.0
138.0,0.8,0.1,0.1,0.7,0.1,0.0,0.0,0.0,0.0,0.005000000000000001,6.4079877702179004,0.005000000000000001,0.0,0.0,0.0,0.0,3.20649388510895,0.0025000000000000005
139.0,0.6,0.0,0.0,0.6,0.0,0.0,0.0,0.0,0.0,0.0,6.401907892515721,0.0,0.0,0.0,0.0,0.0,3.2009539462578607,0.0
140.0,0.6,0.0,0.0,0.6,0.0,0.0,0.0,0.0,0.0,0.0,6.395888813590564,0.0,0.0,0.0,0.0,0.0,3.197944406795282,0.0
141.0,0.8,0.0,0.0,0.8,0.0,0.0,0.0,0.0,0.0,0.0,6.409929925454659,0.0,0.0,0.0,0.0,0.0,3.2049649627273293,0.0
142.0,1.0,0.1,0.1,0.9,0.1,0.0,0.0,0.0,0.0,0.005000000000000001,6.433830626200112,0.005000000000000001,0.0,0.0,0.0,0.0,3.219415313100056,0.0025000000000000005
143.0,0.6,0.0,0.0,0.6,0.0,0.0,0.0,0.0,0.0,0.0,6.427492319938111,0.0,0.0,0.0,0.0,0.0,3.2137461599690553,0.0
144.0,0.6,0.0,0.0,0.6,0.0,0.0,0.0,0.0,0.0,0.0,6.421217396738729,0.0,0.0,0.0,0.0,0.0,3.2106086983693647,0.0
145.0,1.0,0.0,0.0,1.0,0.0,0.0,0.0,0.0,0.0,0.0,6.455005222771342,0.0,0.0,0.0,0.0,0.0,3.227502611385671,0.0
146.0,1.0,0.125,0.125,0.875,0.125,0.0,0.0,0.0,0.0,0.0075,6.475955170543628,0.0075,0.0,0.0,0.0,0.0,3.241727585271814,0.00375
147.0,1.0,0.0,0.0,1.0,0.0,0.0,0.0,0.0,0.0,0.0024249999999999983,6.509195618838191,0.0024249999999999983,0.0,0.0,0.0,0.0,3.2558103094190955,0.0012124999999999992
148.0,0.9,0.0,0.0,0.9,0.0,0.0,0.0,0.0,0.0,0.0,6.53210366264981,0.0,0.0,0.0,0.0,0.0,3.266051831324905,0.0
149.0,1.0,0.0,0.0,1.0,0.0,0.0,0.0,0.0,0.0,0.0,6.5647826260233115,0.0,0.0,0.0,0.0,0.0,3.2823913130116558,0.0
150.0,0.6,0.0,0.0,0.6,0.0,0.0,0.0,0.0,0.0,0.0,6.5571347997630784,0.0,0.0,0.0,0.0,0.0,3.2785673998815392,0.0
151.0,0.6,0.0,0.0,0.6,0.0,0.0,0.0,0.0,0.0,0.0,6.549563451765447,0.0,0.0,0.0,0.0,0.0,3.2747817258827236,0.0
152.0,1.0,0.0,0.0,1.0,0.0,0.0,0.0,0.0,0.0,0.0,6.582067817247792,0.0,0.0,0.0,0.0,0.0,3.291033908623896,0.0
153.0,1.0,0.0,0.0,1.0,0.0,0.0,0.0,0.0,0.0,0.0,6.614247139075315,0.0,0.0,0.0,0.0,0.0,3.3071235695376573,0.0
154.0,1.0,0.0,0.0,1.0,0.0,0.0,0.0,0.0,0.0,0.0,6.646104667684561,0.0,0.0,0.0,0.0,0.0,3.3230523338422806,0.0
155.0,0.8,0.0,0.0,0.8,0.0,0.0,0.0,0.0,0.0,0.0,6.657643621007716,0.0,0.0,0.0,0.0,0.0,3.328821810503858,0.0
156.0,1.0,0.0,0.0,1.0,0.0,0.0,0.0,0.0,0.0,0.0,6.689067184797638,0.0,0.0,0.0,0.0,0.0,3.344533592398819,0.0
157.0,1.0,0.0,0.0,1.0,0.0,0.0,0.0,0.0,0.0,0.0,6.720176512949662,0.0,0.0,0.0,0.0,0.0,3.360088256474831,0.0
158.0,0.8,0.0,0.0,0.8,0.0,0.0,0.0,0.0,0.0,0.0,6.730974747820166,0.0,0.0,0.0,0.0,0.0,3.365487373910083,0.0
159.0,1.0,0.0,0.0,1.0,0.0,0.0,0.0,0.0,0.0,0.0,6.761665000341964,0.0,0.0,0.0,0.0,0.0,3.380832500170982,0.0
160.0,1.0,0.0,0.0,1.0,0.0,0.0,0.0,0.0,0.0,0.0,6.792048350338543,0.0,0.0,0.0,0.0,0.0,3.3960241751692717,0.0
161.0,1.0,0.0,0.0,1.0,0.0,0.0,0.0,0.0,0.0,0.0,6.8221278668351575,0.0,0.0,0.0,0.0,0.0,3.4110639334175787,0.0
162.0,1.0,0.0,0.0,1.0,0.0,0.0,0.0,0.0,0.0,0.0,6.8519065881668055,0.0,0.0,0.0,0.0,0.0,3.4259532940834028,0.0
163.0,1.0,0.0,0.0,1.0,0.0,0.0,0.0,0.0,0.0,0.0,6.881387522285137,0.0,0.0,0.0,0.0,0.0,3.4406937611425685,0.0
164.0,0.6,0.0,0.0,0.6,0.0,0.0,0.0,0.0,0.0,0.0,6.870573647062286,0.0,0.0,0.0,0.0,0.0,3.435286823531143,0.0
165.0,1.0,0.0,0.0,1.0,0.0,0.0,0.0,0.0,0.0,0.0,6.899867910591663,0.0,0.0,0.0,0.0,0.0,3.4499339552958315,0.0
166.0,1.0,0.0,0.0,1.0,0.0,0.0,0.0,0.0,0.0,0.0,6.928869231485746,0.0,0.0,0.0,0.0,0.0,3.464434615742873,0.0
167.0,1.0,0.0,0.0,1.0,0.0,0.0,0.0,0.0,0.0,0.0,6.9575805391708885,0.0,0.0,0.0,0.0,0.0,3.4787902695854442,0.0
168.0,1.0,0.0,0.0,1.0,0.0,0.0,0.0,0.0,0.0,0.0,6.986004733779179,0.0,0.0,0.0,0.0,0.0,3.4930023668895895,0.0
169.0,0.8,0.0,0.0,0.8,0.0,0.0,0.0,0.0,0.0,0.0,6.994144686441388,0.0,0.0,0.0,0.0,0.0,3.497072343220694,0.0
170.0,1.0,0.0,0.0,1.0,0.0,0.0,0.0,0.0,0.0,0.0,7.022203239576974,0.0,0.0,0.0,0.0,0.0,3.511101619788487,0.0
171.0,0.6,0.0,0.0,0.6,0.0,0.0,0.0,0.0,0.0,0.0,7.0099812071812035,0.0,0.0,0.0,0.0,0.0,3.5049906035906018,0.0
172.0,0.6,0.0,0.0,0.6,0.0,0.0,0.0,0.0,0.0,0.0,6.997881395109391,0.0,0.0,0.0,0.0,0.0,3.4989406975546955,0.0
173.0,0.8,0.0,0.0,0.8,0.0,0.0,0.0,0.0,0.0,0.0,7.005902581158297,0.0,0.0,0.0,0.0,0.0,3.5029512905791487,0.0
174.0,1.0,0.0,0.0,1.0,0.0,0.0,0.0,0.0,0.0,0.0,7.0338435553467145,0.0,0.0,0.0,0.0,0.0,3.5169217776733572,0.0
175.0,0.6,0.0,0.0,0.6,0.0,0.0,0.0,0.0,0.0,0.0,7.021505119793247,0.0,0.0,0.0,0.0,0.0,3.5107525598966234,0.0
176.0,1.0,0.0,0.0,1.0,0.0,0.0,0.0,0.0,0.0,0.0,7.049290068595314,0.0,0.0,0.0,0.0,0.0,3.524645034297657,0.0
177.0,1.0,0.0,0.0,1.0,0.0,0.0,0.0,0.0,0.0,0.0,7.076797167909361,0.0,0.0,0.0,0.0,0.0,3.5383985839546805,0.0
178.0,1.0,0.0,0.0,1.0,0.0,0.0,0.0,0.0,0.0,0.0,7.104029196230267,0.0,0.0,0.0,0.0,0.0,3.5520145981151336,0.0
179.0,0.7777777777777778,0.1111111111111111,0.1111111111111111,0.6666666666666666,0.1111111111111111,0.0,0.0,0.0,0.0,0.0061111111111111106,7.097655570934632,0.0061111111111111106,0.0,0.0,0.0,0.0,3.5518833410228714,0.0030555555555555553
180.0,1.0,0.0,0.0,1.0,0.0,0.0,0.0,0.0,0.0,0.0010499999999999989,7.1246790152252855,0.0010499999999999989,0.0,0.0,0.0,0.0,3.562864507612643,0.0005249999999999994
181.0,1.0,0.0,0.0,1.0,0.0,0.0,0.0,0.0,0.0,0.0,7.151432225073032,0.0,0.0,0.0,0.0,0.0,3.575716112536516,0.0
182.0,0.6,0.0,0.0,0.6,0.0,0.0,0.0,0.0,0.0,0.0,7.137917902822301,0.0,0.0,0.0,0.0,0.0,3.5689589514111506,0.0
183.0,1.0,0.1,0.1,0.9,0.1,0.0,0.0,0.0,0.0,0.005000000000000001,7.1545387237940785,0.005000000000000001,0.0,0.0,0.0,0.0,3.579769361897039,0.0025000000000000005
184.0,0.6,0.0,0.0,0.6,0.0,0.0,0.0,0.0,0.0,0.0,7.1409933365561375,0.0,0.0,0.0,0.0,0.0,3.5704966682780688,0.0
185.0,0.6,0.0,0.0,0.6,0.0,0.0,0.0,0.0,0.0,0.0,7.127583403190576,0.0,0.0,0.0,0.0,0.0,3.563791701595288,0.0
186.0,1.0,0.0,0.0,1.0,0.0,0.0,0.0,0.0,0.0,0.0,7.15430756915867,0.0,0.0,0.0,0.0,0.0,3.577153784579335,0.0
187.0,1.0,0.0,0.0,1.0,0.0,0.0,0.0,0.0,0.0,0.0,7.180764493467083,0.0,0.0,0.0,0.0,0.0,3.5903822467335416,0.0
188.0,1.0,0.0,0.0,1.0,0.0,0.0,0.0,0.0,0.0,0.0,7.206956848532412,0.0,0.0,0.0,0.0,0.0,3.603478424266206,0.0
189.0,0.8,0.0,0.0,0.8,0.0,0.0,0.0,0.0,0.0,0.0,7.212887280047088,0.0,0.0,0.0,0.0,0.0,3.606443640023544,0.0
190.0,0.6,0.0,0.0,0.6,0.0,0.0,0.0,0.0,0.0,0.0,7.198758407246617,0.0,0.0,0.0,0.0,0.0,3.5993792036233083,0.0
191.0,1.0,0.0,0.0,1.0,0.0,0.0,0.0,0.0,0.0,0.0,7.2247708231741505,0.0,0.0,0.0,0.0,0.0,3.6123854115870753,0.0
192.0,1.0,0.0,0.0,1.0,0.0,0.0,0.0,0.0,0.0,0.0,7.250523114942409,0.0,0.0,0.0,0.0,0.0,3.6252615574712044,0.0
193.0,0.6,0.0,0.0,0.6,0.0,0.0,0.0,0.0,0.0,0.0,7.236017883792984,0.0,0.0,0.0,0.0,0.0,3.618008941896492,0.0
194.0,1.0,0.0,0.0,1.0,0.0,0.0,0.0,0.0,0.0,0.0,7.261657704955054,0.0,0.0,0.0,0.0,0.0,3.630828852477527,0.0
195.0,1.0,0.0,0.0,1.0,0.0,0.0,0.0,0.0,0.0,0.0,7.287041127905503,0.0,0.0,0.0,0.0,0.0,3.6435205639527517,0.0
196.0,0.8,0.0,0.0,0.8,0.0,0.0,0.0,0.0,0.0,0.0,7.2921707166264484,0.0,0.0,0.0,0.0,0.0,3.6460853583132242,0.0
197.0,1.0,0.0,0.0,1.0,0.0,0.0,0.0,0.0,0.0,0.0,7.317249009460184,0.0,0.0,0.0,0.0,0.0,3.658624504730092,0.0
198.0,0.8,0.0,0.0,0.8,0.0,0.0,0.0,0.0,0.0,0.0,7.322076519365583,0.0,0.0,0.0,0.0,0.0,3.6610382596827913,0.0
199.0,1.0,0.1,0.1,0.9,0.1,0.0,0.0,0.0,0.0,0.005000000000000001,7.336855754171927,0.005000000000000001,0.0,0.0,0.0,0.0,3.6709278770859632,0.0025000000000000005
200.0,1.0,0.0,0.0,1.0,0.0,0.0,0.0,0.0,0.0,0.0,7.361487196630208,0.0,0.0,0.0,0.0,0.0,3.680743598315104,0.0
201.0,1.0,0.1,0.1,0.9,0.1,0.0,0.0,0.0,0.0,0.005000000000000001,7.375872324663906,0.005000000000000001,0.0,0.0,0.0,0.0,3.690436162331953,0.0025000000000000005
202.0,0.6,0.0,0.0,0.6,0.0,0.0,0.0,0.0,0.0,0.0,7.360113601417266,0.0,0.0,0.0,0.0,0.0,3.680056800708633,0.0
203.0,0.8,0.0,0.0,0.8,0.0,0.0,0.0,0.0,0.0,0.0,7.364512465403094,0.0,0.0,0.0,0.0,0.0,3.682256232701547,0.0
204.0,1.0,0.0,0.0,1.0,0.0,0.0,0.0,0.0,0.0,0.0,7.388867340749063,0.0,0.0,0.0,0.0,0.0,3.6944336703745315,0.0
205.0,1.0,0.0,0.0,1.0,0.0,0.0,0.0,0.0,0.0,0.0,7.412978667341572,0.0,0.0,0.0,0.0,0.0,3.706489333670786,0.0
206.0,1.0,0.0,0.0,1.0,0.0,0.0,0.0,0.0,0.0,0.0,7.4368488806681565,0.0,0.0,0.0,0.0,0.0,3.7184244403340783,0.0
207.0,1.0,0.0,0.0,1.0,0.0,0.0,0.0,0.0,0.0,0.0,7.460480391861474,0.0,0.0,0.0,0.0,0.0,3.730240195930737,0.0
208.0,1.0,0.0,0.0,1.0,0.0,0.0,0.0,0.0,0.0,0.0,7.483875587942859,0.0,0.0,0.0,0.0,0.0,3.7419377939714296,0.0
209.0,0.8,0.0,0.0,0.8,0.0,0.0,0.0,0.0,0.0,0.0,7.48703683206343,0.0,0.0,0.0,0.0,0.0,3.743518416031715,0.0
210.0,1.0,0.1,0.1,0.9,0.1,0.0,0.0,0.0,0.0,0.005000000000000001,7.500166463742796,0.005000000000000001,0.0,0.0,0.0,0.0,3.752583231871398,0.0025000000000000005
211.0,1.0,0.0,0.0,1.0,0.0,0.0,0.0,0.0,0.0,0.0,7.523164799105368,0.0,0.0,0.0,0.0,0.0,3.761582399552684,0.0
212.0,1.0,0.0,0.0,1.0,0.0,0.0,0.0,0.0,0.0,0.0,7.545933151114315,0.0,0.0,0.0,0.0,0.0,3.7729665755571573,0.0
213.0,0.8,0.0,0.0,0.8,0.0,0.0,0.0,0.0,0.0,0.0,7.5484738196031715,0.0,0.0,0.0,0.0,0.0,3.7742369098015858,0.0
214.0,1.0,0.0,0.0,1.0,0.0,0.0,0.0,0.0,0.0,0.0,7.57098908140714,0.0,0.0,0.0,0.0,0.0,3.78549454070357,0.0
215.0,1.0,0.0,0.0,1.0,0.0,0.0,0.0,0.0,0.0,0.0,7.593279190593068,0.0,0.0,0.0,0.0,0.0,3.796639595296534,0.0
216.0,0.6,0.0,0.0,0.6,0.0,0.0,0.0,0.0,0.0,0.0,7.575346398687137,0.0,0.0,0.0,0.0,0.0,3.7876731993435686,0.0
217.0,1.0,0.0,0.0,1.0,0.0,0.0,0.0,0.0,0.0,0.0,7.597592934700265,0.0,0.0,0.0,0.0,0.0,3.7987964673501327,0.0
218.0,0.6,0.0,0.0,0.6,0.0,0.0,0.0,0.0,0.0,0.0,7.5796170053532625,0.0,0.0,0.0,0.0,0.0,3.7898085026766313,0.0
219.0,1.0,0.0,0.0,1.0,0.0,0.0,0.0,0.0,0.0,0.0,7.60182083529973,0.0,0.0,0.0,0.0,0.0,3.800910417649865,0.0
220.0,0.6,0.0,0.0,0.6,0.0,0.0,0.0,0.0,0.0,0.0,7.583802626946732,0.0,0.0,0.0,0.0,0.0,3.791901313473366,0.0
221.0,0.8,0.1,0.1,0.7,0.1,0.0,0.0,0.0,0.0,0.005000000000000001,7.575964600677264,0.005000000000000001,0.0,0.0,0.0,0.0,3.790482300338632,0.0025000000000000005
222.0,1.0,0.0,0.0,1.0,0.0,0.0,0.0,0.0,0.0,0.0,7.598204954670491,0.0,0.0,0.0,0.0,0.0,3.7991024773352455,0.0
223.0,1.0,0.0,0.0,1.0,0.0,0.0,0.0,0.0,0.0,0.0,7.620222905123786,0.0,0.0,0.0,0.0,0.0,3.810111452561893,0.0
224.0,1.0,0.0,0.0,1.0,0.0,0.0,0.0,0.0,0.0,0.0,7.642020676072548,0.0,0.0,0.0,0.0,0.0,3.821010338036274,0.0
225.0,0.6,0.0,0.0,0.6,0.0,0.0,0.0,0.0,0.0,0.0,7.623600469311822,0.0,0.0,0.0,0.0,0.0,3.811800234655911,0.0
226.0,1.0,0.0,0.0,1.0,0.0,0.0,0.0,0.0,0.0,0.0,7.645364464618703,0.0,0.0,0.0,0.0,0.0,3.8226822323093517,0.0
227.0,1.0,0.0,0.0,1.0,0.0,0.0,0.0,0.0,0.0,0.0,7.666910819972516,0.0,0.0,0.0,0.0,0.0,3.833455409986258,0.0
228.0,0.8888888888888888,0.1111111111111111,0.1111111111111111,0.7777777777777778,0.1111111111111111,0.0,0.0,0.0,0.0,0.0061111111111111106,7.6660194895505684,0.0061111111111111106,0.0,0.0,0.0,0.0,3.83606530033084,0.0030555555555555553
229.0,1.0,0.0,0.0,1.0,0.0,0.0,0.0,0.0,0.0,0.0010499999999999989,7.687359294655063,0.0010499999999999989,0.0,0.0,0.0,0.0,3.8442046473275315,0.0005249999999999994
230.0,1.0,0.1111111111111111,0.1111111111111111,0.8888888888888888,0.1111111111111111,0.0,0.0,0.0,0.0,0.007150611111111109,7.697374590597401,0.007150611111111109,0.0,0.0,0.0,0.0,3.852262600854256,0.0035753055555555547
231.0,0.8,0.0,0.0,0.8,0.0,0.0,0.0,0.0,0.0,0.002079104999999997,7.698400844691427,0.002079104999999997,0.0,0.0,0.0,0.0,3.8502399748457137,0.0010395524999999984
232.0,0.9,0.0,0.0,0.9,0.0,0.0,0.0,0.0,0.0,0.0,7.709416836244513,0.0,0.0,0.0,0.0,0.0,3.8547084181222564,0.0
233.0,1.0,0.0,0.0,1.0,0.0,0.0,0.0,0.0,0.0,0.0,7.730322667882067,0.0,0.0,0.0,0.0,0.0,3.8651613339410336,0.0
234.0,0.6,0.0,0.0,0.6,0.0,0.0,0.0,0.0,0.0,0.0,7.711019441203246,0.0,0.0,0.0,0.0,0.0,3.855509720601623,0.0
235.0,1.0,0.1111111111111111,0.1111111111111111,0.8888888888888888,0.1111111111111111,0.0,0.0,0.0,0.0,0.0061111111111111106,7.720798135680102,0.0061111111111111106,0.0,0.0,0.0,0.0,3.8634546233956066,0.0030555555555555553
236.0,0.9,0.0,0.0,0.9,0.0,0.0,0.0,0.0,0.0,0.0010499999999999989,7.731590154323301,0.0010499999999999989,0.0,0.0,0.0,0.0,3.866320077161651,0.0005249999999999994
237.0,0.6,0.0,0.0,0.6,0.0,0.0,0.0,0.0,0.0,0.0,7.712274252780068,0.0,0.0,0.0,0.0,0.0,3.856137126390034,0.0
238.0,1.0,0.0,0.0,1.0,0.0,0.0,0.0,0.0,0.0,0.0,7.7331515102522665,0.0,0.0,0.0,0.0,0.0,3.8665757551261333,0.0
239.0,0.8,0.1,0.1,0.7,0.1,0.0,0.0,0.0,0.0,0.005000000000000001,7.723819995149744,0.005000000000000001,0.0,0.0,0.0,0.0,3.864409997574872,0.0025000000000000005
240.0,1.0,0.0,0.0,1.0,0.0,0.0,0.0,0.0,0.0,0.0,7.744581795198246,0.0,0.0,0.0,0.0,0.0,3.872290897599123,0.0
241.0,0.6,0.0,0.0,0.6,0.0,0.0,0.0,0.0,0.0,0.0,7.725135977246263,0.0,0.0,0.0,0.0,0.0,3.8625679886231317,0.0
242.0,0.8,0.2,0.0,0.8,0.0,0.2,0.0,0.0,0.0,0.0,7.725884617473801,0.0,0.018000000000000002,0.0,0.0,0.0,3.8629423087369004,0.009000000000000001
243.0,0.6,0.0,0.0,0.6,0.0,0.0,0.0,0.0,0.0,0.0,7.706625771299063,0.0,0.01582,0.0,0.0,0.0,3.8533128856495313,0.00791
244.0,1.0,0.0,0.0,1.0,0.0,0.0,0.0,0.0,0.0,0.0,7.727559513586072,0.0,0.0136618,0.0,0.0,0.0,3.863779756793036,0.0068309
245.0,1.0,0.0,0.0,1.0,0.0,0.0,0.0,0.0,0.0,0.0,7.748283918450211,0.0,0.011525182,0.0,0.0,0.0,3.8741419592251054,0.005762591
246.0,1.0,0.0,0.0,1.0,0.0,0.0,0.0,0.0,0.0,0.0,7.7688010792657085,0.0,0.00940993018,0.0,0.0,0.0,3.8844005396328543,0.00470496509
247.0,0.8,0.0,0.0,0.8,0.0,0.0,0.0,0.0,0.0,0.0,7.769113068473052,0.0,0.007315830878199999,0.0,0.0,0.0,3.884556534236526,0.0036579154390999997
248.0,1.0,0.0,0.0,1.0,0.0,0.0,0.0,0.0,0.0,0.0,7.789421937788322,0.0,0.005242672569417999,0.0,0.0,0.0,3.894710968894161,0.0026213362847089996
249.0,1.0,0.0,0.0,1.0,0.0,0.0,0.0,0.0,0.0,0.0,7.809527718410438,0.0,0.0031902458437238195,0.0,0.0,0.0,3.904763859205219,0.0015951229218619098
250.0,1.0,0.0,0.0,1.0,0.0,0.0,0.0,0.0,0.0,0.0,7.829432441226333,0.0,0.0011583433852865813,0.0,0.0,0.0,3.9147162206131667,0.0005791716926432907
251.0,1.0,0.0,0.0,1.0,0.0,0.0,0.0,0.0,0.0,0.0,7.8491381168140695,0.0,0.0,0.0,0.0,0.0,3.9245690584070347,0.0
252.0,1.0,0.0,0.0,1.0,0.0,0.0,0.0,0.0,0.0,0.0,7.868646735645928,0.0,0.0,0.0,0.0,0.0,3.934323367822964,0.0
253.0,0.6,0.0,0.0,0.6,0.0,0.0,0.0,0.0,0.0,0.0,7.8479602682894685,0.0,0.0,0.0,0.0,0.0,3.9239801341447342,0.0
254.0,0.6,0.0,0.0,0.6,0.0,0.0,0.0,0.0,0.0,0.0,7.827480665606574,0.0,0.0,0.0,0.0,0.0,3.913740332803287,0.0
255.0,0.8,0.0,0.0,0.8,0.0,0.0,0.0,0.0,0.0,0.0,7.827205858950508,0.0,0.0,0.0,0.0,0.0,3.913602929475254,0.0
256.0,1.0,0.0,0.0,1.0,0.0,0.0,0.0,0.0,0.0,0.0,7.846933800361003,0.0,0.0,0.0,0.0,0.0,3.9234669001805016,0.0
257.0,1.0,0.0,0.0,1.0,0.0,0.0,0.0,0.0,0.0,0.0,7.866464462357393,0.0,0.0,0.0,0.0,0.0,3.9332322311786965,0.0
258.0,0.6,0.2,0.0,0.6,0.0,0.2,0.0,0.0,0.0,0.0,7.845799817733819,0.0,0.018000000000000002,0.0,0.0,0.0,3.9228999088669094,0.009000000000000001
259.0,1.0,0.0,0.0,1.0,0.0,0.0,0.0,0.0,0.0,0.0,7.86534181955648,0.0,0.01582,0.0,0.0,0.0,3.93267090977824,0.00791
260.0,1.0,0.0,0.0,1.0,0.0,0.0,0.0,0.0,0.0,0.0,7.884688401360916,0.0,0.0136618,0.0,0.0,0.0,3.942344200680458,0.0068309
261.0,1.0,0.0,0.0,1.0,0.0,0.0,0.0,0.0,0.0,0.0,7.903841517347306,0.0,0.011525182,0.0,0.0,0.0,3.951920758673653,0.005762591
262.0,1.0,0.0,0.0,1.0,0.0,0.0,0.0,0.0,0.0,0.0,7.922803102173833,0.0,0.00940993018,0.0,0.0,0.0,3.9614015510869165,0.00470496509
263.0,1.0,0.0,0.0,1.0,0.0,0.0,0.0,0.0,0.0,0.0,7.941575071152094,0.0,0.007315830878199999,0.0,0.0,0.0,3.970787535576047,0.0036579154390999997
264.0,1.0,0.0,0.0,1.0,0.0,0.0,0.0,0.0,0.0,0.0,7.960159320440573,0.0,0.005242672569417999,0.0,0.0,0.0,3.9800796602202864,0.0026213362847089996
265.0,0.8,0.0,0.0,0.8,0.0,0.0,0.0,0.0,0.0,0.0,7.958557727236167,0.0,0.0031902458437238195,0.0,0.0,0.0,3.9792788636180836,0.0015951229218619098
266.0,1.0,0.0,0.0,1.0,0.0,0.0,0.0,0.0,0.0,0.0,7.976972149963805,0.0,0.0011583433852865813,0.0,0.0,0.0,3.9884860749819024,0.0005791716926432907
267.0,1.0,0.0,0.0,1.0,0.0,0.0,0.0,0.0,0.0,0.0,7.995202428464166,0.0,0.0,0.0,0.0,0.0,3.997601214232083,0.0
268.0,1.0,0.0,0.0,1.0,0.0,0.0,0.0,0.0,0.0,0.0,8.013250404179525,0.0,0.0,0.0,0.0,0.0,4.006625202089762,0.0
269.0,0.6,0.0,0.0,0.6,0.0,0.0,0.0,0.0,0.0,0.0,7.991117900137729,0.0,0.0,0.0,0.0,0.0,3.9955589500688644,0.0
270.0,0.6,0.0,0.0,0.6,0.0,0.0,0.0,0.0,0.0,0.0,7.969206721136351,0.0,0.0,0.0,0.0,0.0,3.9846033605681757,0.0
271.0,1.0,0.0,0.0,1.0,0.0,0.0,0.0,0.0,0.0,0.0,7.987514653924988,0.0,0.0,0.0,0.0,0.0,3.993757326962494,0.0
272.0,0.9,0.0,0.0,0.9,0.0,0.0,0.0,0.0,0.0,0.0,7.9956395073857385,0.0,0.0,0.0,0.0,0.0,3.9978197536928692,0.0
273.0,1.0,0.0,0.0,1.0,0.0,0.0,0.0,0.0,0.0,0.0,8.013683112311881,0.0,0.0,0.0,0.0,0.0,4.0068415561559405,0.0
274.0,1.0,0.0,0.0,1.0,0.0,0.0,0.0,0.0,0.0,0.0,8.031546281188762,0.0,0.0,0.0,0.0,0.0,4.015773140594381,0.0
275.0,0.6,0.0,0.0,0.6,0.0,0.0,0.0,0.0,0.0,0.0,8.009230818376874,0.0,0.0,0.0,0.0,0.0,4.004615409188437,0.0
276.0,0.8,0.0,0.0,0.8,0.0,0.0,0.0,0.0,0.0,0.0,8.007138510193105,0.0,0.0,0.0,0.0,0.0,4.0035692550965525,0.0
277.0,1.0,0.0,0.0,1.0,0.0,0.0,0.0,0.0,0.0,0.0,8.025067125091175,0.0,0.0,0.0,0.0,0.0,4.012533562545587,0.0
278.0,0.8,0.1,0.1,0.7,0.1,0.0,0.0,0.0,0.0,0.005000000000000001,8.012816453840262,0.005000000000000001,0.0,0.0,0.0,0.0,4.0089082269201315,0.0025000000000000005
279.0,1.0,0.0,0.0,1.0,0.0,0.0,0.0,0.0,0.0,0.0,8.03068828930186,0.0,0.0,0.0,0.0,0.0,4.01534414465093,0.0
280.0,0.6,0.0,0.0,0.6,0.0,0.0,0.0,0.0,0.0,0.0,8.008381406408843,0.0,0.0,0.0,0.0,0.0,4.004190703204421,0.0
281.0,0.6,0.0,0.0,0.6,0.0,0.0,0.0,0.0,0.0,0.0,7.986297592344754,0.0,0.0,0.0,0.0,0.0,3.993148796172377,0.0
282.0,0.6,0.0,0.0,0.6,0.0,0.0,0.0,0.0,0.0,0.0,7.964434616421307,0.0,0.0,0.0,0.0,0.0,3.9822173082106533,0.0
283.0,1.0,0.0,0.0,1.0,0.0,0.0,0.0,0.0,0.0,0.0,7.982790270257094,0.0,0.0,0.0,0.0,0.0,3.991395135128547,0.0
284.0,1.0,0.0,0.0,1.0,0.0,0.0,0.0,0.0,0.0,0.0,8.000962367554523,0.0,0.0,0.0,0.0,0.0,4.000481183777262,0.0
285.0,1.0,0.0,0.0,1.0,0.0,0.0,0.0,0.0,0.0,0.0,8.018952743878978,0.0,0.0,0.0,0.0,0.0,4.009476371939489,0.0
286.0,0.6,0.0,0.0,0.6,0.0,0.0,0.0,0.0,0.0,0.0,7.996763216440188,0.0,0.0,0.0,0.0,0.0,3.998381608220094,0.0
287.0,1.0,0.0,0.0,1.0,0.0,0.0,0.0,0.0,0.0,0.0,8.014795584275786,0.0,0.0,0.0,0.0,0.0,4.007397792137893,0.0
288.0,1.0,0.0,0.0,1.0,0.0,0.0,0.0,0.0,0.0,0.0,8.032647628433029,0.0,0.0,0.0,0.0,0.0,4.0163238142165145,0.0
289.0,1.0,0.0,0.0,1.0,0.0,0.0,0.0,0.0,0.0,0.0,8.0503211521487,0.0,0.0,0.0,0.0,0.0,4.02516057607435,0.0
290.0,1.0,0.0,0.0,1.0,0.0,0.0,0.0,0.0,0.0,0.0,8.067817940627213,0.0,0.0,0.0,0.0,0.0,4.033908970313607,0.0
291.0,0.6,0.0,0.0,0.6,0.0,0.0,0.0,0.0,0.0,0.0,8.045139761220941,0.0,0.0,0.0,0.0,0.0,4.022569880610471,0.0
292.0,1.0,0.0,0.0,1.0,0.0,0.0,0.0,0.0,0.0,0.0,8.062688363608732,0.0,0.0,0.0,0.0,0.0,4.031344181804366,0.0
293.0,0.6,0.0,0.0,0.6,0.0,0.0,0.0,0.0,0.0,0.0,8.040061479972644,0.0,0.0,0.0,0.0,0.0,4.020030739986322,0.0
294.0,1.0,0.0,0.0,1.0,0.0,0.0,0.0,0.0,0.0,0.0,8.057660865172918,0.0,0.0,0.0,0.0,0.0,4.028830432586459,0.0
295.0,0.8,0.0,0.0,0.8,0.0,0.0,0.0,0.0,0.0,0.0,8.055084256521189,0.0,0.0,0.0,0.0,0.0,4.0275421282605945,0.0
296.0,1.0,0.0,0.0,1.0,0.0,0.0,0.0,0.0,0.0,0.0,8.072533413955977,0.0,0.0,0.0,0.0,0.0,4.0362667069779885,0.0
297.0,1.0,0.125,0.125,0.875,0.125,0.0,0.0,0.0,0.0,0.0075,8.077308079816417,0.0075,0.0,0.0,0.0,0.0,4.042404039908209,0.00375
298.0,0.6,0.0,0.0,0.6,0.0,0.0,0.0,0.0,0.0,0.0024249999999999983,8.054534999018253,0.0024249999999999983,0.0,0.0,0.0,0.0,4.028479999509127,0.0012124999999999992
299.0,0.6,0.0,0.0,0.6,0.0,0.0,0.0,0.0,0.0,0.0,8.031989649028072,0.0,0.0,0.0,0.0,0.0,4.015994824514036,0.0
300.0,1.0,0.0,0.0,1.0,0.0,0.0,0.0,0.0,0.0,0.0,8.049669752537792,0.0,0.0,0.0,0.0,0.0,4.024834876268896,0.0
301.0,0.8,0.0,0.0,0.8,0.0,0.0,0.0,0.0,0.0,0.0,8.047173055012413,0.0,0.0,0.0,0.0,0.0,4.023586527506207,0.0
302.0,0.6,0.0,0.0,0.6,0.0,0.0,0.0,0.0,0.0,0.0,8.024701324462288,0.0,0.0,0.0,0.0,0.0,4.012350662231144,0.0
303.0,1.0,0.0,0.0,1.0,0.0,0.0,0.0,0.0,0.0,0.0,8.042454311217666,0.0,0.0,0.0,0.0,0.0,4.021227155608833,0.0
304.0,0.8,0.0,0.0,0.8,0.0,0.0,0.0,0.0,0.0,0.0,8.040029768105489,0.0,0.0,0.0,0.0,0.0,4.0200148840527445,0.0
305.0,1.0,0.0,0.0,1.0,0.0,0.0,0.0,0.0,0.0,0.0,8.057629470424434,0.0,0.0,0.0,0.0,0.0,4.028814735212217,0.0
306.0,1.0,0.1,0.1,0.9,0.1,0.0,0.0,0.0,0.0,0.005000000000000001,8.06505317572019,0.005000000000000001,0.0,0.0,0.0,0.0,4.035026587860095,0.0025000000000000005
307.0,1.0,0.0,0.0,1.0,0.0,0.0,0.0,0.0,0.0,0.0,8.082402643962988,0.0,0.0,0.0,0.0,0.0,4.041201321981494,0.0
308.0,0.6,0.0,0.0,0.6,0.0,0.0,0.0,0.0,0.0,0.0,8.059578617523357,0.0,0.0,0.0,0.0,0.0,4.0297893087616785,0.0
309.0,1.0,0.0,0.0,1.0,0.0,0.0,0.0,0.0,0.0,0.0,8.076982831348124,0.0,0.0,0.0,0.0,0.0,4.038491415674062,0.0
310.0,1.0,0.0,0.0,1.0,0.0,0.0,0.0,0.0,0.0,0.0,8.094213003034643,0.0,0.0,0.0,0.0,0.0,4.047106501517321,0.0
311.0,1.0,0.1,0.1,0.9,0.1,0.0,0.0,0.0,0.0,0.005000000000000001,8.101270873004296,0.005000000000000001,0.0,0.0,0.0,0.0,4.053135436502148,0.0025000000000000005
312.0,0.6,0.0,0.0,0.6,0.0,0.0,0.0,0.0,0.0,0.0,8.078258164274253,0.0,0.0,0.0,0.0,0.0,4.039129082137126,0.0
313.0,1.0,0.0,0.0,1.0,0.0,0.0,0.0,0.0,0.0,0.0,8.09547558263151,0.0,0.0,0.0,0.0,0.0,4.047737791315755,0.0
314.0,0.8,0.0,0.0,0.8,0.0,0.0,0.0,0.0,0.0,0.0,8.092520826805194,0.0,0.0,0.0,0.0,0.0,4.046260413402597,0.0
315.0,1.0,0.0,0.0,1.0,0.0,0.0,0.0,0.0,0.0,0.0,8.109595618537142,0.0,0.0,0.0,0.0,0.0,4.054797809268571,0.0
316.0,1.0,0.0,0.0,1.0,0.0,0.0,0.0,0.0,0.0,0.0,8.12649966235177,0.0,0.0,0.0,0.0,0.0,4.063249831175885,0.0
317.0,1.0,0.0,0.0,1.0,0.0,0.0,0.0,0.0,0.0,0.0,8.143234665728254,0.0,0.0,0.0,0.0,0.0,4.071617332864127,0.0
318.0,0.6,0.0,0.0,0.6,0.0,0.0,0.0,0.0,0.0,0.0,8.119802319070972,0.0,0.0,0.0,0.0,0.0,4.059901159535486,0.0
319.0,1.0,0.0,0.0,1.0,0.0,0.0,0.0,0.0,0.0,0.0,8.136604295880263,0.0,0.0,0.0,0.0,0.0,4.068302147940131,0.0
320.0,1.0,0.0,0.0,1.0,0.0,0.0,0.0,0.0,0.0,0.0,8.153238252921462,0.0,0.0,0.0,0.0,0.0,4.076619126460731,0.0
321.0,1.0,0.0,0.0,1.0,0.0,0.0,0.0,0.0,0.0,0.0,8.169705870392248,0.0,0.0,0.0,0.0,0.0,4.084852935196124,0.0
322.0,1.0,0.0,0.0,1.0,0.0,0.0,0.0,0.0,0.0,0.0,8.186008811688327,0.0,0.0,0.0,0.0,0.0,4.093004405844163,0.0
323.0,1.0,0.0,0.0,1.0,0.0,0.0,0.0,0.0,0.0,0.0,8.202148723571444,0.0,0.0,0.0,0.0,0.0,4.101074361785722,0.0
324.0,0.8,0.0,0.0,0.8,0.0,0.0,0.0,0.0,0.0,0.0,8.19812723633573,0.0,0.0,0.0,0.0,0.0,4.099063618167865,0.0
325.0,1.0,0.1,0.1,0.9,0.1,0.0,0.0,0.0,0.0,0.005000000000000001,8.20414596397237,0.005000000000000001,0.0,0.0,0.0,0.0,4.104572981986186,0.0025000000000000005
326.0,1.0,0.0,0.0,1.0,0.0,0.0,0.0,0.0,0.0,0.0,8.220104504332648,0.0,0.0,0.0,0.0,0.0,4.110052252166324,0.0
327.0,1.0,0.0,0.0,1.0,0.0,0.0,0.0,0.0,0.0,0.0,8.235903459289322,0.0,0.0,0.0,0.0,0.0,4.117951729644661,0.0
328.0,1.0,0.0,0.0,1.0,0.0,0.0,0.0,0.0,0.0,0.0,8.251544424696428,0.0,0.0,0.0,0.0,0.0,4.125772212348214,0.0
329.0,0.6,0.0,0.0,0.6,0.0,0.0,0.0,0.0,0.0,0.0,8.227028980449465,0.0,0.0,0.0,0.0,0.0,4.113514490224732,0.0
330.0,1.0,0.0,0.0,1.0,0.0,0.0,0.0,0.0,0.0,0.0,8.24275869064497,0.0,0.0,0.0,0.0,0.0,4.121379345322485,0.0
331.0,0.6,0.0,0.0,0.6,0.0,0.0,0.0,0.0,0.0,0.0,8.218331103738521,0.0,0.0,0.0,0.0,0.0,4.1091655518692605,0.0
332.0,1.0,0.0,0.0,1.0,0.0,0.0,0.0,0.0,0.0,0.0,8.234147792701137,0.0,0.0,0.0,0.0,0.0,4.117073896350568,0.0
333.0,1.0,0.0,0.0,1.0,0.0,0.0,0.0,0.0,0.0,0.0,8.249806314774126,0.0,0.0,0.0,0.0,0.0,4.124903157387063,0.0
334.0,0.6,0.0,0.0,0.6,0.0,0.0,0.0,0.0,0.0,0.0,8.225308251626386,0.0,0.0,0.0,0.0,0.0,4.112654125813193,0.0
335.0,0.8,0.0,0.0,0.8,0.0,0.0,0.0,0.0,0.0,0.0,8.221055169110121,0.0,0.0,0.0,0.0,0.0,4.110527584555061,0.0
336.0,0.6,0.0,0.0,0.6,0.0,0.0,0.0,0.0,0.0,0.0,8.19684461741902,0.0,0.0,0.0,0.0,0.0,4.09842230870951,0.0
337.0,1.0,0.0,0.0,1.0,0.0,0.0,0.0,0.0,0.0,0.0,8.21287617124483,0.0,0.0,0.0,0.0,0.0,4.106438085622415,0.0
338.0,0.8,0.0,0.0,0.8,0.0,0.0,0.0,0.0,0.0,0.0,8.20874740953238,0.0,0.0,0.0,0.0,0.0,4.10437370476619,0.0
339.0,0.8,0.2,0.0,0.8,0.0,0.2,0.0,0.0,0.0,0.0,8.204659935437055,0.0,0.018000000000000002,0.0,0.0,0.0,4.102329967718528,0.009000000000000001
340.0,0.8,0.0,0.0,0.8,0.0,0.0,0.0,0.0,0.0,0.0,8.200613336082684,0.0,0.01582,0.0,0.0,0.0,4.100306668041342,0.00791
341.0,0.6,0.0,0.0,0.6,0.0,0.0,0.0,0.0,0.0,0.0,8.176607202721858,0.0,0.0136618,0.0,0.0,0.0,4.088303601360929,0.0068309
342.0,0.6,0.0,0.0,0.6,0.0,0.0,0.0,0.0,0.0,0.0,8.15284113069464,0.0,0.011525182,0.0,0.0,0.0,4.07642056534732,0.005762591
343.0,1.0,0.0,0.0,1.0,0.0,0.0,0.0,0.0,0.0,0.0,8.169312719387694,0.0,0.00940993018,0.0,0.0,0.0,4.084656359693847,0.00470496509
344.0,0.8,0.2,0.0,0.8,0.0,0.2,0.0,0.0,0.0,0.0,8.165619592193817,0.0,0.0273158308782,0.0,0.0,0.0,4.0828097960969085,0.0136579154391
345.0,0.6,0.0,0.0,0.6,0.0,0.0,0.0,0.0,0.0,0.0,8.141963396271878,0.0,0.025042672569418,0.0,0.0,0.0,4.070981698135939,0.012521336284709
346.0,1.0,0.0,0.0,1.0,0.0,0.0,0.0,0.0,0.0,0.0,8.15854376230916,0.0,0.022792245843723823,0.0,0.0,0.0,4.07927188115458,0.011396122921861911
347.0,0.6,0.2,0.0,0.6,0.0,0.2,0.0,0.0,0.0,0.0,8.134958324686067,0.0,0.04056432338528659,0.0,0.0,0.0,4.067479162343034,0.020282161692643293
348.0,0.6,0.0,0.0,0.6,0.0,0.0,0.0,0.0,0.0,0.0,8.111608741439207,0.0,0.03815868015143372,0.0,0.0,0.0,4.055804370719604,0.01907934007571686
349.0,1.0,0.0,0.0,1.0,0.0,0.0,0.0,0.0,0.0,0.0,8.128492654024816,0.0,0.03577709334991938,0.0,0.0,0.0,4.064246327012408,0.01788854667495969
350.0,0.8,0.0,0.0,0.8,0.0,0.0,0.0,0.0,0.0,0.0,8.125207727484566,0.0,0.033419322416420184,0.0,0.0,0.0,4.062603863742283,0.016709661208210092
351.0,0.8,0.0,0.0,0.8,0.0,0.0,0.0,0.0,0.0,0.0,8.12195565020972,0.0,0.031085129192255978,0.0,0.0,0.0,4.06097782510486,0.015542564596127989
352.0,1.0,0.0,0.0,1.0,0.0,0.0,0.0,0.0,0.0,0.0,8.138736093707625,0.0,0.02877427790033342,0.0,0.0,0.0,4.069368046853812,0.01438713895016671
353.0,1.0,0.0,0.0,1.0,0.0,0.0,0.0,0.0,0.0,0.0,8.155348732770548,0.0,0.026486535121330083,0.0,0.0,0.0,4.077674366385274,0.013243267560665042
354.0,0.6,0.2,0.0,0.6,0.0,0.2,0.0,0.0,0.0,0.0,8.131795245442843,0.0,0.04422166977011678,0.0,0.0,0.0,4.065897622721422,0.02211083488505839
355.0,1.0,0.0,0.0,1.0,0.0,0.0,0.0,0.0,0.0,0.0,8.148477292988415,0.0,0.04177945307241561,0.0,0.0,0.0,4.074238646494208,0.020889726536207805
356.0,1.0,0.0,0.0,1.0,0.0,0.0,0.0,0.0,0.0,0.0,8.164992520058531,0.0,0.03936165854169145,0.0,0.0,0.0,4.082496260029266,0.019680829270845725
357.0,1.0,0.0,0.0,1.0,0.0,0.0,0.0,0.0,0.0,0.0,8.181342594857947,0.0,0.03696804195627453,0.0,0.0,0.0,4.090671297428973,0.018484020978137266
358.0,1.0,0.1,0.1,0.9,0.1,0.0,0.0,0.0,0.0,0.005000000000000001,8.187529168909366,0.005000000000000001,0.03459836153671179,0.0,0.0,0.0,4.096264584454683,0.019799180768355892
359.0,1.0,0.0,0.0,1.0,0.0,0.0,0.0,0.0,0.0,0.0,8.203653877220273,0.0,0.032252377921344666,0.0,0.0,0.0,4.101826938610136,0.016126188960672333
360.0,1.0,0.0,0.0,1.0,0.0,0.0,0.0,0.0,0.0,0.0,8.21961733844807,0.0,0.029929854142131215,0.0,0.0,0.0,4.109808669224035,0.014964927071065608
361.0,0.6,0.0,0.0,0.6,0.0,0.0,0.0,0.0,0.0,0.0,8.195421165063589,0.0,0.0276305556007099,0.0,0.0,0.0,4.0977105825317945,0.01381527780035495
362.0,0.6,0.0,0.0,0.6,0.0,0.0,0.0,0.0,0.0,0.0,8.171466953412953,0.0,0.0253542500447028,0.0,0.0,0.0,4.085733476706476,0.0126771250223514
363.0,1.0,0.0,0.0,1.0,0.0,0.0,0.0,0.0,0.0,0.0,8.187752283878824,0.0,0.02310070754425577,0.0,0.0,0.0,4.093876141939412,0.011550353772127885
364.0,0.8,0.0,0.0,0.8,0.0,0.0,0.0,0.0,0.0,0.0,8.183874761040036,0.0,0.020869700468813215,0.0,0.0,0.0,4.091937380520018,0.010434850234406608
365.0,0.8,0.0,0.0,0.8,0.0,0.0,0.0,0.0,0.0,0.0,8.180036013429635,0.0,0.01866100346412508,0.0,0.0,0.0,4.090018006714818,0.00933050173206254
366.0,1.0,0.0,0.0,1.0,0.0,0.0,0.0,0.0,0.0,0.0,8.19623565329534,0.0,0.016474393429483827,0.0,0.0,0.0,4.09811782664767,0.008237196714741914
367.0,1.0,0.0,0.0,1.0,0.0,0.0,0.0,0.0,0.0,0.0,8.212273296762387,0.0,0.01430964949518899,0.0,0.0,0.0,4.106136648381193,0.007154824747594495
368.0,0.8,0.2,0.0,0.8,0.0,0.2,0.0,0.0,0.0,0.0,8.208150563794762,0.0,0.0321665530002371,0.0,0.0,0.0,4.104075281897381,0.01608327650011855
369.0,0.7777777777777778,0.1111111111111111,0.1111111111111111,0.6666666666666666,0.1111111111111111,0.0,0.0,0.0,0.0,0.0061111111111111106,8.190735724823481,0.0061111111111111106,0.029844887470234727,0.0,0.0,0.0,4.098423417967296,0.017977999290672918
370.0,0.6,0.0,0.0,0.6,0.0,0.0,0.0,0.0,0.0,0.0010499999999999989,8.166828367575246,0.0010499999999999989,0.02754643859553238,0.0,0.0,0.0,4.083939183787622,0.01429821929776619
371.0,1.0,0.0,0.0,1.0,0.0,0.0,0.0,0.0,0.0,0.0,8.183160083899494,0.0,0.02527097420957706,0.0,0.0,0.0,4.091580041949747,0.01263548710478853
372.0,0.8,0.0,0.0,0.8,0.0,0.0,0.0,0.0,0.0,0.0,8.179328483060498,0.0,0.023018264467481286,0.0,0.0,0.0,4.089664241530249,0.011509132233740643
373.0,1.0,0.0,0.0,1.0,0.0,0.0,0.0,0.0,0.0,0.0,8.195535198229894,0.0,0.020788081822806476,0.0,0.0,0.0,4.097767599114947,0.010394040911403238
374.0,0.8,0.0,0.0,0.8,0.0,0.0,0.0,0.0,0.0,0.0,8.191579846247595,0.0,0.01858020100457841,0.0,0.0,0.0,4.095789923123798,0.009290100502289206
375.0,0.6,0.0,0.0,0.6,0.0,0.0,0.0,0.0,0.0,0.0,8.16766404778512,0.0,0.016394398994532627,0.0,0.0,0.0,4.08383202389256,0.008197199497266314
376.0,0.8,0.2,0.0,0.8,0.0,0.2,0.0,0.0,0.0,0.0,8.163987407307268,0.0,0.0342304550045873,0.0,0.0,0.0,4.081993703653634,0.01711522750229365
377.0,1.0,0.0,0.0,1.0,0.0,0.0,0.0,0.0,0.0,0.0,8.180347533234196,0.0,0.03188815045454143,0.0,0.0,0.0,4.090173766617098,0.015944075227270715
378.0,0.6,0.0,0.0,0.6,0.0,0.0,0.0,0.0,0.0,0.0,8.156544057901854,0.0,0.029569268949996015,0.0,0.0,0.0,4.078272028950927,0.014784634474998008
379.0,1.0,0.0,0.0,1.0,0.0,0.0,0.0,0.0,0.0,0.0,8.172978617322837,0.0,0.027273576260496056,0.0,0.0,0.0,4.0864893086614185,0.013636788130248028
380.0,1.0,0.0,0.0,1.0,0.0,0.0,0.0,0.0,0.0,0.0,8.189248831149609,0.0,0.025000840497891093,0.0,0.0,0.0,4.094624415574804,0.012500420248945546
381.0,0.8,0.2,0.0,0.8,0.0,0.2,0.0,0.0,0.0,0.0,8.185356342838112,0.0,0.04275083209291218,0.0,0.0,0.0,4.092678171419056,0.02137541604645609
382.0,1.0,0.0,0.0,1.0,0.0,0.0,0.0,0.0,0.0,0.0,8.201502779409731,0.0,0.040323323771983055,0.0,0.0,0.0,4.1007513897048655,0.020161661885991528
383.0,0.4,0.2,0.0,0.4,0.0,0.2,0.0,0.0,0.0,0.0,8.157487751615633,0.0,0.057920090534263224,0.0,0.0,0.0,4.078743875807817,0.028960045267131612
384.0,0.8,0.0,0.0,0.8,0.0,0.0,0.0,0.0,0.0,0.0,8.153912874099477,0.0,0.055340889628920586,0.0,0.0,0.0,4.076956437049739,0.027670444814460293
385.0,0.8,0.0,0.0,0.8,0.0,0.0,0.0,0.0,0.0,0.0,8.150373745358483,0.0,0.05278748073263138,0.0,0.0,0.0,4.075186872679241,0.02639374036631569
386.0,0.8,0.1,0.1,0.7,0.1,0.0,0.0,0.0,0.0,0.005000000000000001,8.136870007904898,0.005000000000000001,0.05025960592530506,0.0,0.0,0.0,4.0709350039524494,0.02762980296265253
387.0,0.875,0.125,0.125,0.75,0.125,0.0,0.0,0.0,0.0,0.012450000000000001,8.12850130782585,0.012450000000000001,0.04775700986605201,0.0,0.0,0.0,4.070475653912925,0.030103504933026007
388.0,0.6,0.0,0.0,0.6,0.0,0.0,0.0,0.0,0.0,0.0073255,8.105216294747592,0.0073255,0.04527943976739149,0.0,0.0,0.0,4.056270897373796,0.026302469883695744
389.0,1.0,0.0,0.0,1.0,0.0,0.0,0.0,0.0,0.0,0.002252244999999999,8.122164131800117,0.002252244999999999,0.04282664536971757,0.0,0.0,0.0,4.062208188400058,0.022539445184858786
390.0,0.6,0.0,0.0,0.6,0.0,0.0,0.0,0.0,0.0,0.0,8.098942490482116,0.0,0.0403983789160204,0.0,0.0,0.0,4.049471245241058,0.0201991894580102
391.0,0.4,0.2,0.0,0.4,0.0,0.2,0.0,0.0,0.0,0.0,8.055953065577295,0.0,0.05799439512686019,0.0,0.0,0.0,4.027976532788648,0.028997197563430097
392.0,1.0,0.0,0.0,1.0,0.0,0.0,0.0,0.0,0.0,0.0,8.073393534921523,0.0,0.055414451175591586,0.0,0.0,0.0,4.036696767460762,0.027707225587795793
393.0,0.6,0.0,0.0,0.6,0.0,0.0,0.0,0.0,0.0,0.0,8.050659599572308,0.0,0.05286030666383567,0.0,0.0,0.0,4.025329799786154,0.026430153331917835
394.0,0.6,0.0,0.0,0.6,0.0,0.0,0.0,0.0,0.0,0.0,8.028153003576586,0.0,0.05033170359719731,0.0,0.0,0.0,4.014076501788293,0.025165851798598655
395.0,0.9,0.0,0.0,0.9,0.0,0.0,0.0,0.0,0.0,0.0,8.03587147354082,0.0,0.04782838656122534,0.0,0.0,0.0,4.01793573677041,0.02391419328061267
396.0,0.6,0.0,0.0,0.6,0.0,0.0,0.0,0.0,0.0,0.0,8.013512758805412,0.0,0.045350102695613084,0.0,0.0,0.0,4.006756379402706,0.022675051347806542
397.0,1.0,0.0,0.0,1.0,0.0,0.0,0.0,0.0,0.0,0.0,8.031377631217358,0.0,0.04289660166865695,0.0,0.0,0.0,4.015688815608679,0.021448300834328474
398.0,0.9,0.0,0.0,0.9,0.0,0.0,0.0,0.0,0.0,0.0,8.039063854905184,0.0,0.040467635651970375,0.0,0.0,0.0,4.019531927452592,0.020233817825985188
399.0,1.0,0.0,0.0,1.0,0.0,0.0,0.0,0.0,0.0,0.0,8.056673216356131,0.0,0.03806295929545067,0.0,0.0,0.0,4.028336608178066,0.019031479647725336
400.0,1.0,0.0,0.0,1.0,0.0,0.0,0.0,0.0,0.0,0.0,8.074106484192571,0.0,0.035682329702496164,0.0,0.0,0.0,4.0370532420962855,0.017841164851248082
401.0,0.8,0.2,0.0,0.8,0.0,0.2,0.0,0.0,0.0,0.0,8.071365419350645,0.0,0.05332550640547121,0.0,0.0,0.0,4.0356827096753225,0.026662753202735603
402.0,1.0,0.0,0.0,1.0,0.0,0.0,0.0,0.0,0.0,0.0,8.088651765157138,0.0,0.050792251341416496,0.0,0.0,0.0,4.044325882578569,0.025396125670708248
403.0,1.0,0.0,0.0,1.0,0.0,0.0,0.0,0.0,0.0,0.0,8.105765247505568,0.0,0.04828432882800233,0.0,0.0,0.0,4.052882623752784,0.024142164414001164
404.0,0.9,0.1,0.1,0.8,0.1,0.0,0.0,0.0,0.0,0.005000000000000001,8.10270759503051,0.005000000000000001,0.045801485539722304,0.0,0.0,0.0,4.053853797515256,0.02540074276986115
405.0,0.8,0.2,0.0,0.8,0.0,0.2,0.0,0.0,0.0,0.0,8.099680519080206,0.0,0.06334347068432508,0.0,0.0,0.0,4.049840259540103,0.03167173534216254
406.0,1.0,0.0,0.0,1.0,0.0,0.0,0.0,0.0,0.0,0.0,8.116683713889405,0.0,0.06071003597748183,0.0,0.0,0.0,4.058341856944702,0.030355017988740914
407.0,1.0,0.0,0.0,1.0,0.0,0.0,0.0,0.0,0.0,0.0,8.13351687675051,0.0,0.058102935617707005,0.0,0.0,0.0,4.066758438375255,0.029051467808853502
408.0,0.8,0.0,0.0,0.8,0.0,0.0,0.0,0.0,0.0,0.0,8.130181707983004,0.0,0.05552190626152993,0.0,0.0,0.0,4.065090853991502,0.027760953130764966
409.0,0.9,0.0,0.0,0.9,0.0,0.0,0.0,0.0,0.0,0.0,8.136879890903174,0.0,0.05296668719891463,0.0,0.0,0.0,4.068439945451587,0.026483343599457317
410.0,1.0,0.0,0.0,1.0,0.0,0.0,0.0,0.0,0.0,0.0,8.153511091994142,0.0,0.050437020326925486,0.0,0.0,0.0,4.076755545997071,0.025218510163462743
411.0,0.6,0.2,0.0,0.6,0.0,0.2,0.0,0.0,0.0,0.0,8.1299759810742,0.0,0.06793265012365624,0.0,0.0,0.0,4.0649879905371,0.03396632506182812
412.0,0.8,0.2,0.0,0.8,0.0,0.2,0.2,0.0,0.0,0.0,8.126676221263457,0.0,0.08525332362241968,0.024000000000000004,0.0,0.0,4.063338110631729,0.04262666181120984
413.0,0.6,0.0,0.0,0.6,0.0,0.0,0.0,0.0,0.0,0.0,8.103409459050821,0.0,0.08240079038619548,0.007760000000000003,0.0,0.0,4.051704729525411,0.04120039519309774
414.0,1.0,0.0,0.0,1.0,0.0,0.0,0.0,0.0,0.0,0.0,8.120375364460314,0.0,0.07957678248233352,0.0,0.0,0.0,4.060187682230157,0.03978839124116676
415.0,1.0,0.0,0.0,1.0,0.0,0.0,0.0,0.0,0.0,0.0,8.137171610815711,0.0,0.07678101465751018,0.0,0.0,0.0,4.068585805407856,0.03839050732875509
416.0,0.8,0.0,0.0,0.8,0.0,0.0,0.0,0.0,0.0,0.0,8.133799894707554,0.0,0.07401320451093507,0.0,0.0,0.0,4.066899947353777,0.037006602255467536
417.0,0.4,0.2,0.0,0.4,0.0,0.2,0.0,0.0,0.0,0.0,8.090461895760479,0.0,0.09127307246582572,0.0,0.0,0.0,4.045230947880239,0.04563653623291286
418.0,0.6,0.0,0.0,0.6,0.0,0.0,0.0,0.0,0.0,0.0,8.067557276802873,0.0,0.08836034174116746,0.0,0.0,0.0,4.0337786384014365,0.04418017087058373
419.0,1.0,0.0,0.0,1.0,0.0,0.0,0.0,0.0,0.0,0.0,8.084881704034844,0.0,0.08547673832375578,0.0,0.0,0.0,4.042440852017422,0.04273836916187789
420.0,0.8,0.0,0.0,0.8,0.0,0.0,0.0,0.0,0.0,0.0,8.082032886994496,0.0,0.08262197094051822,0.0,0.0,0.0,4.041016443497248,0.04131098547025911
421.0,1.0,0.0,0.0,1.0,0.0,0.0,0.0,0.0,0.0,0.0,8.09921255812455,0.0,0.07979575123111304,0.0,0.0,0.0,4.049606279062275,0.03989787561555652
422.0,0.6,0.0,0.0,0.6,0.0,0.0,0.0,0.0,0.0,0.0,8.076220432543305,0.0,0.07699779371880192,0.0,0.0,0.0,4.038110216271653,0.03849889685940096
423.0,1.0,0.0,0.0,1.0,0.0,0.0,0.0,0.0,0.0,0.0,8.093458228217873,0.0,0.07422781578161389,0.0,0.0,0.0,4.0467291141089365,0.037113907890806944
424.0,1.0,0.0,0.0,1.0,0.0,0.0,0.0,0.0,0.0,0.0,8.110523645935695,0.0,0.07148553762379775,0.0,0.0,0.0,4.055261822967847,0.035742768811898876
425.0,0.7,0.0,0.0,0.7,0.0,0.0,0.0,0.0,0.0,0.0,8.097418409476337,0.0,0.06877068224755978,0.0,0.0,0.0,4.048709204738168,0.03438534112377989
426.0,1.0,0.0,0.0,1.0,0.0,0.0,0.0,0.0,0.0,0.0,8.114444225381574,0.0,0.06608297542508418,0.0,0.0,0.0,4.057222112690787,0.03304148771254209
427.0,0.6,0.0,0.0,0.6,0.0,0.0,0.0,0.0,0.0,0.0,8.091299783127758,0.0,0.06342214567083333,0.0,0.0,0.0,4.045649891563879,0.031711072835416666
428.0,0.9,0.0,0.0,0.9,0.0,0.0,0.0,0.0,0.0,0.0,8.09838678529648,0.0,0.060787924214125,0.0,0.0,0.0,4.04919339264824,0.0303939621070625
429.0,1.0,0.0,0.0,1.0,0.0,0.0,0.0,0.0,0.0,0.0,8.115402917443516,0.0,0.05818004497198375,0.0,0.0,0.0,4.057701458721758,0.029090022485991875
430.0,0.8,0.2,0.0,0.8,0.0,0.2,0.0,0.0,0.0,0.0,8.11224888826908,0.0,0.07559824452226391,0.0,0.0,0.0,4.05612444413454,0.037799122261131954
431.0,0.6,0.0,0.0,0.6,0.0,0.0,0.0,0.0,0.0,0.0,8.089126399386389,0.0,0.07284226207704127,0.0,0.0,0.0,4.0445631996931946,0.036421131038520634
432.0,1.0,0.0,0.0,1.0,0.0,0.0,0.0,0.0,0.0,0.0,8.106235135392525,0.0,0.07011383945627085,0.0,0.0,0.0,4.053117567696263,0.035056919728135426
433.0,1.0,0.0,0.0,1.0,0.0,0.0,0.0,0.0,0.0,0.0,8.123172784038601,0.0,0.06741270106170814,0.0,0.0,0.0,4.061586392019301,0.03370635053085407
434.0,1.0,0.0,0.0,1.0,0.0,0.0,0.0,0.0,0.0,0.0,8.139941056198216,0.0,0.06473857405109106,0.0,0.0,0.0,4.069970528099108,0.03236928702554553
435.0,0.6,0.2,0.0,0.6,0.0,0.2,0.0,0.0,0.0,0.0,8.116541645636234,0.0,0.08209118831058014,0.0,0.0,0.0,4.058270822818117,0.04104559415529007
436.0,1.0,0.0,0.0,1.0,0.0,0.0,0.0,0.0,0.0,0.0,8.133376229179872,0.0,0.07927027642747433,0.0,0.0,0.0,4.066688114589936,0.03963513821373717
437.0,0.7,0.0,0.0,0.7,0.0,0.0,0.0,0.0,0.0,0.0,8.120042466888073,0.0,0.07647757366319959,0.0,0.0,0.0,4.060021233444036,0.03823878683159979
438.0,0.6,0.0,0.0,0.6,0.0,0.0,0.0,0.0,0.0,0.0,8.096842042219192,0.0,0.07371279792656758,0.0,0.0,0.0,4.048421021109596,0.03685639896328379
439.0,0.6,0.0,0.0,0.6,0.0,0.0,0.0,0.0,0.0,0.0,8.073873621797,0.0,0.07097566994730191,0.0,0.0,0.0,4.0369368108985,0.035487834973650954
440.0,0.9,0.0,0.0,0.9,0.0,0.0,0.0,0.0,0.0,0.0,8.08113488557903,0.0,0.0682659132478289,0.0,0.0,0.0,4.040567442789515,0.03413295662391445
441.0,1.0,0.0,0.0,1.0,0.0,0.0,0.0,0.0,0.0,0.0,8.098323536723239,0.0,0.0655832541153506,0.0,0.0,0.0,4.0491617683616195,0.0327916270576753
442.0,1.0,0.0,0.0,1.0,0.0,0.0,0.0,0.0,0.0,0.0,8.115340301356007,0.0,0.06292742157419709,0.0,0.0,0.0,4.057670150678003,0.031463710787098545
443.0,0.8,0.2,0.0,0.8,0.0,0.2,0.0,0.0,0.0,0.0,8.112186898342445,0.0,0.08029814735845511,0.0,0.0,0.0,4.056093449171223,0.04014907367922756
444.0,1.0,0.0,0.0,1.0,0.0,0.0,0.0,0.0,0.0,0.0,8.12906502935902,0.0,0.07749516588487056,0.0,0.0,0.0,4.06453251467951,0.03874758294243528
445.0,0.4,0.2,0.0,0.4,0.0,0.2,0.0,0.0,0.0,0.0,8.08577437906543,0.0,0.09472021422602185,0.0,0.0,0.0,4.042887189532715,0.047360107113010926
446.0,0.8,0.1,0.1,0.7,0.1,0.0,0.0,0.0,0.0,0.005000000000000001,8.072916635274776,0.005000000000000001,0.09177301208376162,0.0,0.0,0.0,4.038958317637388,0.048386506041880814
447.0,1.0,0.0,0.0,1.0,0.0,0.0,0.0,0.0,0.0,0.0,8.090187468922029,0.0,0.088855281962924,0.0,0.0,0.0,4.045093734461014,0.044427640981462
448.0,0.8,0.2,0.0,0.8,0.0,0.2,0.0,0.0,0.0,0.0,8.087285594232808,0.0,0.10596672914329476,0.0,0.0,0.0,4.043642797116404,0.05298336457164738
449.0,1.0,0.0,0.0,1.0,0.0,0.0,0.0,0.0,0.0,0.0,8.104412738290481,0.0,0.10290706185186181,0.0,0.0,0.0,4.052206369145241,0.051453530925930906
450.0,0.8,0.2,0.0,0.8,0.0,0.2,0.0,0.0,0.0,0.0,8.101368610907576,0.0,0.1198779912333432,0.0,0.0,0.0,4.050684305453788,0.0599389956166716
451.0,1.0,0.0,0.0,1.0,0.0,0.0,0.0,0.0,0.0,0.0,8.118354924798501,0.0,0.11667921132100977,0.0,0.0,0.0,4.0591774623992505,0.05833960566050488
452.0,1.0,0.0,0.0,1.0,0.0,0.0,0.0,0.0,0.0,0.0,8.135171375550517,0.0,0.11351241920779967,0.0,0.0,0.0,4.067585687775258,0.056756209603899835
453.0,0.8,0.2,0.0,0.8,0.0,0.2,0.0,0.0,0.0,0.0,8.13181966179501,0.0,0.13037729501572168,0.0,0.0,0.0,4.065909830897505,0.06518864750786084
454.0,1.0,0.0,0.0,1.0,0.0,0.0,0.0,0.0,0.0,0.0,8.14850146517706,0.0,0.12707352206556446,0.0,0.0,0.0,4.07425073258853,0.06353676103278223
455.0,1.0,0.0,0.0,1.0,0.0,0.0,0.0,0.0,0.0,0.0,8.165016450525291,0.0,0.12380278684490881,0.0,0.0,0.0,4.082508225262646,0.061901393422454404
456.0,1.0,0.0,0.0,1.0,0.0,0.0,0.0,0.0,0.0,0.0,8.181366286020038,0.0,0.12056475897645971,0.0,0.0,0.0,4.090683143010019,0.060282379488229856
457.0,0.6,0.0,0.0,0.6,0.0,0.0,0.0,0.0,0.0,0.0,8.157552623159837,0.0,0.11735911138669511,0.0,0.0,0.0,4.078776311579919,0.058679555693347554
458.0,0.9,0.0,0.0,0.9,0.0,0.0,0.0,0.0,0.0,0.0,8.163977096928239,0.0,0.11418552027282816,0.0,0.0,0.0,4.081988548464119,0.05709276013641408
459.0,1.0,0.1,0.1,0.9,0.1,0.0,0.0,0.0,0.0,0.005000000000000001,8.170337325958956,0.005000000000000001,0.11104366507009988,0.0,0.0,0.0,4.087668662979478,0.058021832535049944
460.0,1.0,0.0,0.0,1.0,0.0,0.0,0.0,0.0,0.0,0.0,8.186633952699367,0.0,0.10793322841939888,0.0,0.0,0.0,4.0933169763496835,0.05396661420969944
461.0,0.8,0.0,0.0,0.8,0.0,0.0,0.0,0.0,0.0,0.0,8.182767613172373,0.0,0.10485389613520489,0.0,0.0,0.0,4.091383806586187,0.052426948067602445
462.0,0.8,0.0,0.0,0.8,0.0,0.0,0.0,0.0,0.0,0.0,8.17893993704065,0.0,0.10180535717385283,0.0,0.0,0.0,4.089469968520325,0.05090267858692642
463.0,1.0,0.0,0.0,1.0,0.0,0.0,0.0,0.0,0.0,0.0,8.195150537670244,0.0,0.09878730360211431,0.0,0.0,0.0,4.097575268835122,0.049393651801057155
464.0,1.0,0.0,0.0,1.0,0.0,0.0,0.0,0.0,0.0,0.0,8.211199032293543,0.0,0.09579943056609316,0.0,0.0,0.0,4.105599516146771,0.04789971528304658
465.0,0.6,0.0,0.0,0.6,0.0,0.0,0.0,0.0,0.0,0.0,8.187087041970607,0.0,0.09284143626043223,0.0,0.0,0.0,4.093543520985303,0.046420718130216115
466.0,0.9,0.0,0.0,0.9,0.0,0.0,0.0,0.0,0.0,0.0,8.1932161715509,0.0,0.0899130218978279,0.0,0.0,0.0,4.09660808577545,0.04495651094891395
467.0,0.6,0.0,0.0,0.6,0.0,0.0,0.0,0.0,0.0,0.0,8.16928400983539,0.0,0.08701389167884963,0.0,0.0,0.0,4.084642004917695,0.04350694583942481
468.0,1.0,0.0,0.0,1.0,0.0,0.0,0.0,0.0,0.0,0.0,8.185591169737037,0.0,0.08414375276206112,0.0,0.0,0.0,4.092795584868519,0.04207187638103056
469.0,0.7,0.0,0.0,0.7,0.0,0.0,0.0,0.0,0.0,0.0,8.171735258039666,0.0,0.08130231523444051,0.0,0.0,0.0,4.085867629019833,0.040651157617220254
470.0,1.0,0.0,0.0,1.0,0.0,0.0,0.0,0.0,0.0,0.0,8.18801790545927,0.0,0.0784892920820961,0.0,0.0,0.0,4.094008952729635,0.03924464604104805
471.0,0.6,0.0,0.0,0.6,0.0,0.0,0.0,0.0,0.0,0.0,8.164137726404677,0.0,0.07570439916127514,0.0,0.0,0.0,4.0820688632023385,0.03785219958063757
472.0,0.7,0.1,0.1,0.6,0.1,0.0,0.0,0.0,0.0,0.005000000000000001,8.14049634914063,0.005000000000000001,0.07294735516966239,0.0,0.0,0.0,4.072748174570315,0.038973677584831196
473.0,1.0,0.0,0.0,1.0,0.0,0.0,0.0,0.0,0.0,0.0,8.157091385649224,0.0,0.07021788161796576,0.0,0.0,0.0,4.078545692824612,0.03510894080898288
474.0,1.0,0.0,0.0,1.0,0.0,0.0,0.0,0.0,0.0,0.0,8.173520471792733,0.0,0.06751570280178609,0.0,0.0,0.0,4.086760235896366,0.033757851400893046
475.0,0.4,0.2,0.0,0.4,0.0,0.2,0.0,0.0,0.0,0.0,8.129785267074805,0.0,0.08484054577376823,0.0,0.0,0.0,4.0648926335374025,0.04242027288688412
476.0,1.0,0.0,0.0,1.0,0.0,0.0,0.0,0.0,0.0,0.0,8.146487414404058,0.0,0.08199214031603055,0.0,0.0,0.0,4.073243707202029,0.04099607015801528
477.0,0.6,0.0,0.0,0.6,0.0,0.0,0.0,0.0,0.0,0.0,8.123022540260017,0.0,0.07917221891287024,0.0,0.0,0.0,4.0615112701300085,0.03958610945643512
478.0,1.0,0.0,0.0,1.0,0.0,0.0,0.0,0.0,0.0,0.0,8.139792314857418,0.0,0.07638049672374153,0.0,0.0,0.0,4.069896157428709,0.038190248361870766
479.0,1.0,0.0,0.0,1.0,0.0,0.0,0.0,0.0,0.0,0.0,8.156394391708846,0.0,0.07361669175650411,0.0,0.0,0.0,4.078197195854423,0.036808345878252054
480.0,0.9,0.0,0.0,0.9,0.0,0.0,0.0,0.0,0.0,0.0,8.162830447791757,0.0,0.07088052483893906,0.0,0.0,0.0,4.0814152238958785,0.03544026241946953
481.0,1.0,0.0,0.0,1.0,0.0,0.0,0.0,0.0,0.0,0.0,8.17920214331384,0.0,0.06817171959054967,0.0,0.0,0.0,4.08960107165692,0.034085859795274835
482.0,1.0,0.0,0.0,1.0,0.0,0.0,0.0,0.0,0.0,0.0,8.195410121880704,0.0,0.06549000239464417,0.0,0.0,0.0,4.097705060940352,0.032745001197322085
483.0,1.0,0.0,0.0,1.0,0.0,0.0,0.0,0.0,0.0,0.0,8.211456020661897,0.0,0.06283510237069773,0.0,0.0,0.0,4.105728010330949,0.03141755118534886
484.0,1.0,0.0,0.0,1.0,0.0,0.0,0.0,0.0,0.0,0.0,8.227341460455278,0.0,0.060206751346990744,0.0,0.0,0.0,4.113670730227639,0.030103375673495372
485.0,1.0,0.0,0.0,1.0,0.0,0.0,0.0,0.0,0.0,0.0,8.243068045850727,0.0,0.05760468383352083,0.0,0.0,0.0,4.121534022925363,0.028802341916760416
486.0,1.0,0.0,0.0,1.0,0.0,0.0,0.0,0.0,0.0,0.0,8.25863736539222,0.0,0.05502863699518562,0.0,0.0,0.0,4.12931868269611,0.02751431849759281
487.0,1.0,0.0,0.0,1.0,0.0,0.0,0.0,0.0,0.0,0.0,8.274050991738298,0.0,0.05247835062523376,0.0,0.0,0.0,4.137025495869149,0.02623917531261688
488.0,0.8,0.0,0.0,0.8,0.0,0.0,0.0,0.0,0.0,0.0,8.269310481820915,0.0,0.04995356711898142,0.0,0.0,0.0,4.134655240910457,0.02497678355949071
489.0,0.6,0.0,0.0,0.6,0.0,0.0,0.0,0.0,0.0,0.0,8.244617377002704,0.0,0.0474540314477916,0.0,0.0,0.0,4.122308688501352,0.0237270157238958
490.0,0.6,0.0,0.0,0.6,0.0,0.0,0.0,0.0,0.0,0.0,8.220171203232677,0.0,0.04497949113331368,0.0,0.0,0.0,4.110085601616339,0.02248974556665684
491.0,0.6,0.0,0.0,0.6,0.0,0.0,0.0,0.0,0.0,0.0,8.19596949120035,0.0,0.042529696221980544,0.0,0.0,0.0,4.097984745600175,0.021264848110990272
492.0,0.8,0.0,0.0,0.8,0.0,0.0,0.0,0.0,0.0,0.0,8.192009796288346,0.0,0.04010439925976074,0.0,0.0,0.0,4.096004898144173,0.02005219962988037
493.0,0.6,0.2,0.0,0.6,0.0,0.2,0.0,0.0,0.0,0.0,8.168089698325462,0.0,0.05770335526716314,0.0,0.0,0.0,4.084044849162731,0.02885167763358157
494.0,0.9,0.0,0.0,0.9,0.0,0.0,0.0,0.0,0.0,0.0,8.174408801342206,0.0,0.0551263217144915,0.0,0.0,0.0,4.087204400671103,0.02756316085724575
495.0,0.8,0.0,0.0,0.8,0.0,0.0,0.0,0.0,0.0,0.0,8.170664713328783,0.0,0.05257505849734658,0.0,0.0,0.0,4.0853323566643915,0.02628752924867329
496.0,1.0,0.0,0.0,1.0,0.0,0.0,0.0,0.0,0.0,0.0,8.186958066195496,0.0,0.050049307912373116,0.0,0.0,0.0,4.093479033097748,0.025024653956186558
497.0,1.0,0.0,0.0,1.0,0.0,0.0,0.0,0.0,0.0,0.0,8.203088485533542,0.0,0.04754881483324938,0.0,0.0,0.0,4.101544242766771,0.02377440741662469
498.0,1.0,0.0,0.0,1.0,0.0,0.0,0.0,0.0,0.0,0.0,8.219057600678207,0.0,0.045073326684916884,0.0,0.0,0.0,4.1095288003391035,0.022536663342458442
499.0,1.0,0.0,0.0,1.0,0.0,0.0,0.0,0.0,0.0,0.0,8.234867024671425,0.0,0.04262259341806771,0.0,0.0,0.0,4.117433512335713,0.021311296709033856
